ticker,date,entry_date,exit_date,entry_price,exit_price,gross_pct,net_pct,exit_reason,exit_day,mfe_pct,mae_pct,atr_pct_entry,rsi_entry,adx_entry,wk52_pos_entry
AZO,2003-10-23,2003-10-24,2003-10-30,95.1,102.3554,7.6292,7.1292,target,4,8.8644,-0.7361,1.8977,63.66,27.28,
CMCSA,2003-10-28,2003-10-29,2003-11-04,7.0429,6.8627,-2.5588,-3.0588,time_loss,4,1.5174,-4.2547,2.614,64.81,26.24,
MS,2003-10-30,2003-10-31,2003-11-14,28.1404,28.3217,0.6443,0.1443,stop,10,6.1609,-1.2798,2.4954,61.72,29.6,
ADI,2003-11-25,2003-11-26,2003-12-03,30.3101,29.7612,-1.8109,-2.3109,time_loss,4,1.3078,-2.3139,3.5165,63.91,25.86,
VTRS,2003-12-01,2003-12-02,2003-12-08,20.1802,19.9862,-0.9615,-1.4615,time_loss,4,0.1154,-3.0769,3.5416,61.36,27.76,
HPQ,2003-12-29,2003-12-30,2004-01-08,5.9973,6.2345,3.9552,3.4552,stop,6,9.4164,0.0,1.9152,62.12,28.23,
A,2003-12-29,2003-12-30,2004-01-08,17.0263,18.3941,8.0339,7.5339,stop,6,13.2049,-0.1751,2.3061,62.37,25.67,
FISV,2003-12-29,2003-12-30,2004-01-08,9.8125,9.7475,-0.6624,-1.1624,time_loss,6,3.465,-1.1975,2.3141,61.6,30.04,
SBUX,2003-12-31,2004-01-02,2004-01-08,6.1691,6.1561,-0.2093,-0.7093,time_loss,4,3.139,-1.6442,2.1061,64.55,35.2,0.9804
GD,2004-04-05,2004-04-06,2004-04-19,28.5329,28.3461,-0.6546,-1.1546,time_loss,8,2.4219,-0.9164,1.7032,63.11,29.96,0.8903
HON,2004-04-06,2004-04-07,2004-04-14,19.0108,18.8089,-1.0617,-1.5617,time_loss,4,1.033,-1.7504,2.0986,63.77,25.78,0.854
TRV,2004-04-08,2004-04-12,2004-04-14,25.5047,24.6506,-3.3486,-3.8486,stop,2,1.0735,-4.4107,1.8626,64.96,28.84,0.9706
BA,2004-07-30,2004-08-02,2004-08-06,34.8638,33.5738,-3.7,-4.2,stop,4,2.51,-3.8446,2.0369,64.01,29.79,0.9648
ADBE,2004-10-04,2004-10-05,2004-10-25,25.3497,26.8741,6.0134,5.5134,time,14,8.0244,-2.2476,2.1803,64.37,26.82,0.9781
UPS,2004-10-27,2004-10-28,2004-11-11,39.3182,41.6254,5.868,5.368,target,10,6.5948,-0.9512,1.4651,65.0,35.25,0.9901
COP,2004-11-22,2004-11-23,2004-12-01,16.7817,16.8119,0.1795,-0.3205,time_loss,5,2.3564,-0.8416,1.8312,62.28,28.7,0.9894
PG,2004-12-09,2004-12-10,2004-12-10,31.6605,30.7217,-2.9651,-3.4651,stop,0,0.0,-3.2753,1.6685,63.29,25.89,0.9691
BA,2005-02-25,2005-02-28,2005-03-03,38.6103,38.94,0.8541,0.3541,stop,3,5.7742,-1.1657,1.8146,64.12,25.29,0.9871
ABT,2005-03-30,2005-03-31,2005-04-15,13.7668,14.2809,3.7347,3.2347,stop,11,7.5264,-1.647,1.6467,61.49,26.57,0.9164
BMY,2005-04-07,2005-04-08,2005-04-19,11.4973,11.5198,0.1955,-0.3045,time_loss,7,3.8311,-2.6583,1.7725,62.3,31.51,0.9765
MET,2005-05-26,2005-05-27,2005-06-03,22.6069,21.7095,-3.9696,-4.4696,stop,4,1.5632,-3.975,2.2169,64.7,35.04,0.9878
FISV,2005-07-08,2005-07-11,2005-07-18,11.145,11.1475,0.0224,-0.4776,time_loss,5,1.1664,-1.6599,1.8549,62.99,26.38,0.9984
EXC,2005-08-03,2005-08-04,2005-08-05,17.5887,16.9885,-3.4128,-3.9128,stop,1,0.1107,-4.5555,1.8911,64.54,26.0,0.9734
FISV,2005-08-09,2005-08-10,2005-08-17,11.51,11.5375,0.2389,-0.2611,time_loss,5,1.7593,-1.8245,1.769,64.93,27.01,0.9992
BA,2005-08-22,2005-08-23,2005-08-29,47.9514,47.9018,-0.1035,-0.6035,time_loss,4,0.4434,-2.3355,1.6945,60.12,25.2,0.972
LRCX,2005-08-29,2005-08-30,2005-09-06,2.6404,2.5852,-2.09,-2.59,time_loss,4,1.9293,-3.5369,2.4457,64.41,26.85,0.8895
TXN,2005-09-07,2005-09-08,2005-09-15,20.5985,20.4011,-0.9587,-1.4587,time_loss,5,3.3553,-1.0785,2.0282,63.19,25.86,0.9816
CTSH,2005-09-09,2005-09-12,2005-09-15,10.5413,10.097,-4.2157,-4.7157,stop,3,1.5995,-4.2792,2.344,60.57,28.56,0.8681
LRCX,2005-09-13,2005-09-14,2005-09-16,2.7049,2.5904,-4.2336,-4.7336,stop,2,0.2197,-4.2373,2.3644,64.2,32.87,0.9361
NSC,2005-11-02,2005-11-03,2005-11-09,26.2815,26.3571,0.2876,-0.2124,time_loss,4,1.9406,-1.7968,2.4778,64.22,25.22,0.9933
BKR,2005-11-03,2005-11-04,2005-11-07,28.1847,26.4338,-6.2123,-6.7123,stop,1,0.0171,-6.1221,3.4962,61.09,25.15,0.8605
HIG,2006-01-04,2006-01-05,2006-01-10,57.0713,55.6067,-2.5663,-3.0663,stop,3,0.0,-2.5254,1.4242,63.65,33.6,0.9658
GILD,2006-01-31,2006-02-01,2006-02-07,10.5075,10.4211,-0.8218,-1.3218,time_loss,4,1.3642,-2.2847,3.208,62.75,26.91,0.9864
HPQ,2006-02-14,2006-02-15,2006-02-21,8.7977,8.8893,1.0412,0.5412,stop,3,7.0388,-1.8295,2.2339,64.1,27.69,0.9992
PEP,2006-02-17,2006-02-21,2006-03-13,32.3989,33.5213,3.4644,2.9644,time,14,3.567,-0.2044,1.3001,60.43,25.77,0.8555
L,2006-03-14,2006-03-15,2006-04-03,29.3082,30.9296,5.5325,5.0325,target,13,5.8674,-0.8135,1.3833,63.73,30.32,0.9205
UNP,2006-03-17,2006-03-20,2006-04-07,15.0157,15.4667,3.0034,2.5034,time,14,6.3147,-0.836,2.0648,63.37,28.03,0.9714
INTU,2006-04-19,2006-04-20,2006-04-21,24.8819,24.0366,-3.3974,-3.8974,stop,1,2.312,-3.5122,1.943,63.75,25.75,0.9422
ORCL,2006-07-19,2006-07-20,2006-07-26,11.9992,11.9673,-0.2656,-0.7656,time_loss,4,1.5272,-1.992,2.7635,62.32,29.24,0.9595
AKAM,2006-09-05,2006-09-06,2006-09-15,40.66,46.7616,15.0065,14.5065,target,7,16.5765,-5.4353,3.7205,64.19,27.78,0.9652
ORCL,2006-09-07,2006-09-08,2006-09-20,12.7879,13.9355,8.9739,8.4739,target,8,13.9564,-1.8692,2.2491,63.09,40.76,0.9573
CTSH,2006-09-13,2006-09-14,2006-09-20,15.9303,15.9084,-0.1375,-0.6375,time_loss,4,2.1443,-2.7629,2.7987,63.65,27.72,0.9709
CTSH,2006-09-27,2006-09-28,2006-10-03,16.5938,15.7856,-4.87,-5.37,stop,3,0.7654,-5.1861,2.7546,64.33,29.94,0.9538
SPGI,2006-09-29,2006-10-02,2006-10-19,40.4568,42.1662,4.2254,3.7254,stop,13,10.3177,0.0,1.4345,62.06,26.09,0.9199
FDX,2006-11-15,2006-11-16,2006-11-24,76.9915,76.5869,-0.5255,-1.0255,time_loss,5,1.0425,-0.9663,2.0085,62.65,29.25,0.911
PRU,2006-11-30,2006-12-01,2006-12-05,40.5353,40.8972,0.8927,0.3927,stop,2,4.6554,-0.5036,1.2647,64.98,26.85,0.9735
NUE,2006-12-04,2006-12-05,2006-12-12,36.9602,34.5319,-6.5701,-7.0701,stop,5,5.5469,-9.0625,3.7365,64.95,26.58,0.9747
SPGI,2007-01-18,2007-01-19,2007-01-23,49.1878,47.8527,-2.7144,-3.2144,stop,2,0.0,-2.923,1.4956,62.32,31.51,0.976
HIG,2007-01-30,2007-01-31,2007-02-21,61.2855,63.1788,3.0892,2.5892,time,14,3.6624,-0.4565,1.4232,63.39,28.02,0.9747
WAT,2007-03-16,2007-03-19,2007-04-09,56.45,59.95,6.2002,5.7002,time,14,7.3339,-0.3897,2.1677,53.53,25.97,0.8759
BEN,2007-04-04,2007-04-05,2007-04-26,21.4603,22.4482,4.6034,4.1034,time,14,7.0531,-0.3282,2.2348,63.21,27.09,0.9779
HPQ,2007-04-05,2007-04-09,2007-04-10,11.5081,11.1632,-2.9965,-3.4965,stop,1,0.4076,-3.2606,1.6532,64.52,27.18,0.8769
SBAC,2007-04-16,2007-04-17,2007-04-23,28.196,27.5759,-2.1992,-2.6992,time_loss,4,0.2587,-3.1371,2.3362,63.51,30.8,0.9963
GD,2007-05-07,2007-05-08,2007-05-14,52.6394,52.1526,-0.9247,-1.4247,time_loss,4,0.0,-2.1206,1.7398,62.95,25.22,0.9932
IP,2007-05-15,2007-05-16,2007-05-22,17.4671,17.4716,0.0258,-0.4742,time_loss,4,1.0309,-1.134,1.5594,64.59,31.61,0.9836
SYK,2007-05-18,2007-05-21,2007-05-25,54.2989,53.6104,-1.2679,-1.7679,time_loss,4,0.6634,-1.9608,1.6464,61.06,28.79,0.9054
GD,2007-05-21,2007-05-22,2007-05-24,53.0288,51.5459,-2.7964,-3.2964,stop,2,0.0979,-4.0265,1.5376,62.27,30.9,0.9791
GE,2007-06-04,2007-06-05,2007-06-07,115.6579,113.0143,-2.2858,-2.7858,stop,2,0.0,-2.8564,1.2503,63.75,30.9,0.9685
JCI,2007-06-13,2007-06-14,2007-06-20,35.7604,34.5602,-3.3562,-3.8562,stop,4,1.3235,-4.2058,1.8484,62.48,28.38,0.9938
ICE,2007-06-15,2007-06-18,2007-06-22,26.7384,26.4442,-1.1002,-1.6002,time_loss,4,3.3196,-3.1161,3.6802,64.32,34.15,0.9166
EXPE,2007-08-08,2007-08-09,2007-08-16,36.6919,36.4317,-0.7092,-1.2092,time_loss,5,4.5745,-2.4113,2.7371,52.2,29.91,0.8764
ITW,2007-08-22,2007-08-23,2007-08-29,36.5312,36.5059,-0.0693,-0.5693,time_loss,4,1.3518,-3.2756,2.735,62.02,25.49,0.9297
OXY,2007-10-09,2007-10-10,2007-10-19,38.2463,38.9469,1.8319,1.3319,stop,7,8.3018,-0.1969,2.5064,64.98,28.52,0.9961
ICE,2007-11-06,2007-11-07,2007-11-08,29.9266,28.032,-6.3307,-6.8307,stop,1,2.3011,-6.8977,3.5172,64.95,36.5,0.9892
EXPE,2007-12-05,2007-12-06,2007-12-14,43.2756,43.2626,-0.0301,-0.5301,time_loss,6,4.2093,-1.5634,3.5567,64.17,25.28,0.8834
TXT,2007-12-05,2007-12-06,2007-12-12,67.09,65.1213,-2.9345,-3.4345,time_loss,4,3.0328,-4.2822,2.8879,64.34,30.02,0.9887
GOOG,2007-12-10,2007-12-11,2007-12-13,17.7746,16.8955,-4.9457,-5.4457,stop,2,0.1458,-5.3796,2.7776,63.9,32.3,0.9071
GOOGL,2007-12-10,2007-12-11,2007-12-13,17.8582,16.9749,-4.9457,-5.4457,stop,2,0.1458,-5.3796,2.7776,63.9,32.3,0.9071
LIN,2007-12-21,2007-12-24,2007-12-31,64.766,62.3686,-3.7017,-4.2017,time_loss,4,0.0,-3.9079,2.6201,62.57,25.2,0.9925
SYK,2007-12-21,2007-12-24,2007-12-31,61.5515,60.0736,-2.4011,-2.9011,time_loss,4,0.1198,-2.5578,1.8292,64.37,25.42,0.9737
JPM,2009-09-17,2009-09-18,2009-09-24,29.7846,29.2119,-1.9231,-2.4231,time_loss,4,2.7851,-2.2547,2.8515,64.15,26.31,0.8598
PM,2009-09-18,2009-09-21,2009-09-25,22.0236,22.0721,0.2203,-0.2797,time_loss,4,3.8461,-0.2079,1.9771,62.01,25.35,0.8851
AMGN,2009-09-21,2009-09-22,2009-09-23,41.897,40.4262,-3.5105,-4.0105,stop,1,0.1763,-3.429,1.9539,64.75,28.7,0.8763
EOG,2009-10-07,2009-10-08,2009-10-21,29.6905,33.1633,11.6967,11.1967,target,9,12.6412,-0.3871,2.9425,63.49,25.27,0.9175
INTC,2009-10-12,2009-10-13,2009-10-19,13.1794,13.1151,-0.4876,-0.9876,time_loss,4,3.7055,-2.3891,2.2858,64.16,25.46,0.9719
KMB,2009-10-12,2009-10-13,2009-10-22,31.4878,33.2672,5.6511,5.1511,target,7,7.0562,-1.2294,1.4092,59.92,25.12,0.9656
HAL,2009-10-12,2009-10-13,2009-10-26,21.9684,22.3818,1.8821,1.3821,stop,9,10.1724,-2.931,3.1665,64.97,26.77,0.9988
CAT,2009-10-15,2009-10-16,2009-10-20,35.8974,40.1047,11.7202,11.2202,target,2,13.2508,-0.9056,2.8947,64.82,25.13,0.9994
HPQ,2009-10-16,2009-10-19,2009-10-26,13.5645,13.4604,-0.7672,-1.2672,time_loss,5,2.0112,-1.3685,1.7951,64.48,28.03,0.9983
RL,2009-10-19,2009-10-20,2009-10-27,59.8412,57.5671,-3.8002,-4.3002,time_loss,5,3.2867,-4.2367,2.6809,64.31,26.92,0.9856
APH,2009-11-09,2009-11-10,2009-11-19,4.6947,4.6191,-1.6088,-2.1088,time_loss,7,1.6554,-2.1916,2.6976,64.66,30.0,0.9996
HPQ,2009-11-09,2009-11-10,2009-11-19,14.0089,13.8806,-0.9156,-1.4156,stop,7,3.2524,-0.9838,1.9171,64.88,27.76,0.9996
DOV,2009-11-10,2009-11-11,2009-11-19,20.5888,20.6135,0.1196,-0.3804,time_loss,6,3.11,-2.3445,2.7124,64.86,30.82,0.9965
CVX,2009-11-25,2009-11-27,2009-12-08,40.1513,39.7013,-1.1207,-1.6207,time_loss,7,2.3058,-1.52,1.8493,64.64,42.48,0.9929
MO,2009-12-11,2009-12-14,2009-12-18,7.1135,7.1099,-0.0508,-0.5508,time_loss,4,0.9664,-0.9155,1.3368,64.06,26.38,0.9872
SPG,2009-12-14,2009-12-15,2010-01-04,35.6406,36.279,1.7912,1.2912,stop,12,8.6455,-1.8665,2.8449,63.16,25.35,0.9978
IP,2009-12-21,2009-12-22,2009-12-29,13.5025,13.5224,0.1471,-0.3529,time_loss,4,2.2443,-0.6622,3.0349,64.19,27.05,0.9813
TJX,2010-01-07,2010-01-08,2010-01-14,7.7088,7.6042,-1.357,-1.857,time_loss,4,1.383,-1.8528,2.1404,63.51,31.67,0.9329
UNH,2010-01-14,2010-01-15,2010-01-21,25.8162,25.6481,-0.651,-1.151,stop,3,7.5433,-1.61,2.6636,64.97,27.14,0.9994
CMG,2010-02-12,2010-02-16,2010-02-22,2.1144,2.0786,-1.6932,-2.1932,time_loss,4,0.7283,-2.5728,3.1134,64.72,26.14,0.9955
BIIB,2010-02-17,2010-02-18,2010-02-24,56.03,55.29,-1.3207,-1.8207,time_loss,4,1.7134,-2.3023,2.2003,64.32,28.94,0.9979
SPG,2010-02-22,2010-02-23,2010-03-02,36.3715,36.3482,-0.0641,-0.5641,time_loss,5,1.6397,-2.3956,2.824,63.73,25.31,0.9252
CMCSA,2010-03-01,2010-03-02,2010-03-22,5.4699,5.7787,5.6447,5.1447,time,14,6.2389,-0.7724,2.3551,64.37,26.19,0.8623
PPG,2010-03-12,2010-03-15,2010-04-05,23.6524,24.6047,4.0261,3.5261,time,14,4.337,-0.4508,1.8335,64.22,25.61,0.9854
DAL,2010-04-12,2010-04-13,2010-04-16,12.755,12.0251,-5.7221,-6.2221,stop,3,0.5391,-7.6819,3.1964,64.06,26.22,0.999
SPG,2010-04-23,2010-04-26,2010-04-30,41.7346,41.4783,-0.6141,-1.1141,time_loss,4,4.142,-2.9363,2.4836,63.14,30.67,0.9895
ECL,2010-07-26,2010-07-27,2010-07-27,38.6176,38.5596,-0.15,-0.65,stop,0,4.7979,-0.4755,1.8309,64.76,27.58,1.0
DOV,2010-09-30,2010-10-01,2010-10-19,26.6147,26.347,-1.0058,-1.5058,stop,12,4.2284,-2.5597,2.3255,64.08,26.42,0.8635
ADM,2010-10-18,2010-10-19,2010-10-26,21.6962,21.7092,0.06,-0.44,time_loss,5,2.039,-1.5292,1.8939,63.48,25.24,0.9968
ADSK,2010-10-21,2010-10-22,2010-11-11,34.24,36.28,5.9579,5.4579,time,14,6.4252,-0.8762,2.7838,64.54,27.0,0.9243
ETN,2011-01-31,2011-02-01,2011-02-22,37.1671,36.8299,-0.9073,-1.4073,stop,14,4.2934,-1.2109,2.3239,63.1,29.13,0.9774
TXN,2011-02-01,2011-02-02,2011-02-23,23.1804,23.3747,0.8383,0.3383,stop,14,5.0287,-0.2874,1.9331,64.15,30.52,1.0
AZO,2011-02-04,2011-02-07,2011-02-17,259.0,255.57,-1.3243,-1.8243,time_loss,8,2.5251,-1.6564,1.7206,55.25,25.61,0.856
ADI,2011-02-04,2011-02-07,2011-02-22,28.3464,28.3252,-0.0748,-0.5748,time_loss,10,3.9162,-2.2948,1.8581,61.88,26.58,1.0
A,2011-02-11,2011-02-14,2011-02-15,28.4822,27.1922,-4.5295,-5.0295,stop,1,0.9333,-5.2444,2.5325,64.79,26.02,0.993
AMP,2011-02-11,2011-02-14,2011-02-22,46.1817,45.6681,-1.1121,-1.6121,time_loss,5,2.005,-1.8483,2.4317,64.39,27.45,0.9953
ADP,2011-02-14,2011-02-15,2011-02-22,30.4952,30.2305,-0.8679,-1.3679,time_loss,4,0.8277,-1.2111,1.371,64.04,29.74,0.9963
HIG,2011-02-16,2011-02-17,2011-02-23,21.8734,21.3833,-2.2406,-2.7406,stop,3,3.6692,-4.3696,2.4212,63.22,27.91,0.9953
PCG,2011-03-01,2011-03-02,2011-03-04,35.4386,34.5276,-2.5706,-3.0706,stop,2,0.1721,-2.5177,1.4147,52.99,26.76,0.8772
CI,2011-03-09,2011-03-10,2011-03-15,39.2781,36.7443,-6.4508,-6.9508,stop,3,0.3671,-6.5397,2.1469,63.46,27.15,0.9947
ROK,2011-03-24,2011-03-25,2011-04-08,67.8929,67.9241,0.046,-0.454,stop,10,5.9391,-1.138,2.4952,63.61,26.45,0.9692
IP,2011-03-29,2011-03-30,2011-04-11,14.7629,14.7726,0.0659,-0.4341,stop,8,6.7493,-0.4477,2.7539,64.86,27.03,0.864
ROST,2011-04-05,2011-04-06,2011-04-07,15.6502,15.0939,-3.5546,-4.0546,stop,1,0.3162,-3.5464,1.985,61.86,25.33,0.9668
CL,2011-06-17,2011-06-20,2011-06-23,30.9664,30.5532,-1.3344,-1.8344,stop,3,1.6263,-2.9,1.2895,63.05,25.04,0.9915
BIIB,2011-06-20,2011-06-21,2011-07-12,100.54,104.1618,3.6023,3.1023,stop,14,9.0412,-2.7253,2.3905,63.43,32.85,0.8621
CI,2011-07-01,2011-07-05,2011-07-11,47.0832,45.2476,-3.8985,-4.3985,stop,4,0.4977,-4.2496,2.1744,64.49,25.15,0.9996
BKNG,2011-07-01,2011-07-05,2011-07-14,20.5632,20.5824,0.0936,-0.4064,stop,7,5.1714,-1.2381,2.4898,63.39,25.02,0.9037
UPS,2012-01-03,2012-01-04,2012-01-25,44.3983,45.4132,2.286,1.786,time,14,2.4618,-2.4076,1.6697,62.4,25.13,0.9263
NKE,2012-01-12,2012-01-13,2012-02-03,20.2574,21.3095,5.1936,4.6936,time,14,6.6572,-0.3557,1.7556,61.47,26.95,0.9987
LIN,2012-01-17,2012-01-18,2012-01-24,83.8168,83.4269,-0.4653,-0.9653,time_loss,4,1.4597,-1.706,1.6181,64.88,38.79,0.9656
ISRG,2012-01-19,2012-01-20,2012-01-25,49.4444,48.4428,-2.0258,-2.5258,stop,3,2.8899,-3.5371,1.9541,64.45,25.73,0.9905
AXP,2012-02-16,2012-02-17,2012-02-24,43.7967,43.8132,0.0375,-0.4625,time_loss,4,0.2064,-1.5944,1.8459,64.48,26.17,0.9591
LEN,2012-03-08,2012-03-09,2012-03-23,21.1869,21.1814,-0.0258,-0.5258,stop,10,7.8486,-0.3586,3.5872,63.76,34.61,0.9692
LVS,2012-04-12,2012-04-13,2012-04-17,38.5173,36.4485,-5.3712,-5.8712,stop,2,0.5091,-5.4853,3.0072,63.19,32.64,0.9603
V,2012-04-13,2012-04-16,2012-04-20,27.7657,27.3076,-1.6499,-2.1499,time_loss,4,0.0081,-2.4382,1.9346,63.57,31.65,0.9898
EL,2012-04-20,2012-04-23,2012-04-25,52.6661,51.946,-1.3673,-1.8673,stop,2,2.5174,-2.4699,1.7411,63.44,33.91,0.9741
TFC,2012-04-24,2012-04-25,2012-05-03,19.0424,19.0186,-0.1246,-0.6246,time_loss,6,2.0574,-0.6546,1.9437,61.94,27.19,0.9963
PNC,2012-04-24,2012-04-25,2012-05-04,43.3148,42.8357,-1.1063,-1.6063,time_loss,7,2.8792,-1.4093,1.8183,63.12,25.09,0.9983
MA,2012-04-26,2012-04-27,2012-05-02,42.2383,40.5617,-3.9695,-4.4695,stop,3,1.9363,-3.9532,2.2335,64.46,30.21,0.9874
ALL,2012-05-03,2012-05-04,2012-05-14,25.3573,25.3278,-0.1162,-0.6162,time_loss,6,1.597,-1.3938,1.9622,63.53,33.8,0.9535
DAL,2012-05-29,2012-05-30,2012-06-04,10.0561,9.3965,-6.5598,-7.0598,stop,3,4.7009,-13.5897,3.6637,64.14,25.53,0.9945
HD,2012-06-07,2012-06-08,2012-06-21,37.0449,37.0811,0.0976,-0.4024,time_loss,9,4.0422,-0.7811,1.9796,60.84,28.79,0.9472
BRK.B,2012-06-19,2012-06-20,2012-06-21,82.98,81.0856,-2.2829,-2.7829,stop,1,0.0241,-2.35,1.2486,63.18,25.24,0.9972
FISV,2012-06-29,2012-07-02,2012-07-09,18.1,18.02,-0.442,-0.942,time_loss,4,0.732,-1.4088,1.8433,63.63,28.04,0.9966
VRSN,2012-07-03,2012-07-05,2012-07-11,43.5592,42.2983,-2.8946,-3.3946,time_loss,4,1.99,-3.3243,2.195,64.85,29.74,0.9965
BRK.B,2012-07-17,2012-07-18,2012-07-23,84.88,82.8655,-2.3733,-2.8733,stop,3,0.5537,-2.2738,1.2652,63.48,26.21,1.0
ADP,2012-08-16,2012-08-17,2012-08-23,37.7357,37.2918,-1.1763,-1.6763,time_loss,4,0.017,-1.8071,1.2749,64.83,25.08,0.9878
DHR,2012-09-13,2012-09-14,2012-09-20,22.4653,22.255,-0.9363,-1.4363,time_loss,4,1.0263,-1.8905,1.4894,64.59,25.61,0.941
VZ,2012-09-21,2012-09-24,2012-09-28,22.7526,22.6384,-0.5022,-1.0022,time_loss,4,0.5677,-1.1791,1.3712,63.77,26.63,0.9399
MO,2012-09-26,2012-09-27,2012-09-28,14.8199,14.4551,-2.4614,-2.9614,stop,1,0.0292,-2.9214,1.3531,53.44,32.04,0.8523
DHR,2012-10-01,2012-10-02,2012-10-09,22.8439,22.4311,-1.8069,-2.3069,time_loss,5,1.0452,-2.0195,1.6784,64.67,41.24,0.9497
IP,2012-10-15,2012-10-16,2012-10-22,20.1953,20.1792,-0.0797,-0.5797,time_loss,4,2.0181,-1.4339,2.0755,64.71,25.4,0.9963
AMP,2012-10-17,2012-10-18,2012-10-23,43.9425,42.5149,-3.2488,-3.7488,stop,3,0.7308,-3.586,1.7965,64.56,25.96,0.9296
PM,2012-11-23,2012-11-26,2012-11-30,47.2286,47.2497,0.0446,-0.4554,time_loss,4,1.1131,-1.7698,1.6867,61.58,28.96,0.8563
COR,2012-11-29,2012-11-30,2012-12-18,29.5041,31.2229,5.8258,5.3258,target,12,5.9191,-0.2166,1.4579,64.68,25.4,0.9616
HD,2012-11-30,2012-12-03,2012-12-07,47.4752,47.0735,-0.8462,-1.3462,time_loss,4,1.4154,-2.3846,1.7004,64.88,30.92,0.9942
SPGI,2012-12-06,2012-12-07,2012-12-07,44.9264,44.859,-0.15,-0.65,stop,0,4.237,0.0,1.7712,63.2,26.64,0.8577
ECL,2012-12-06,2012-12-07,2012-12-12,62.3124,60.7209,-2.5541,-3.0541,stop,3,0.4554,-2.9947,1.4051,64.26,27.51,0.9984
MMM,2012-12-20,2012-12-21,2012-12-28,51.3993,50.8454,-1.0778,-1.5778,time_loss,4,1.024,-1.261,1.2705,64.69,32.91,0.9611
BAX,2013-01-04,2013-01-07,2013-01-14,29.0823,29.0737,-0.0294,-0.5294,time_loss,5,1.396,-0.4262,1.4074,63.97,37.67,0.998
CI,2013-01-15,2013-01-16,2013-01-28,50.2748,53.2786,5.9747,5.4747,target,7,6.1188,-0.8075,1.4899,64.89,25.86,0.9929
NRG,2013-01-18,2013-01-22,2013-01-28,17.8842,17.704,-1.0076,-1.5076,time_loss,4,1.8892,-2.6029,2.1078,64.71,30.13,1.0
EBAY,2013-01-24,2013-01-25,2013-01-31,20.8479,20.8367,-0.0536,-0.5536,time_loss,4,1.1786,-1.2678,2.2926,64.17,26.65,0.9938
ADP,2013-02-05,2013-02-06,2013-02-12,39.785,39.387,-1.0005,-1.5005,time_loss,4,0.3772,-1.8697,1.3755,63.45,37.8,0.9983
GILD,2013-02-13,2013-02-14,2013-03-05,28.4483,30.8752,8.5311,8.0311,target,12,10.6848,-0.17,2.1214,64.81,30.83,0.9944
ADP,2013-02-19,2013-02-20,2013-02-21,40.0852,39.1866,-2.2418,-2.7418,stop,1,0.5372,-2.2139,1.2245,62.69,36.06,0.9974
AMT,2013-03-04,2013-03-05,2013-03-08,57.9606,56.2402,-2.9682,-3.4682,stop,3,0.0378,-3.1518,1.6502,62.3,26.57,0.9426
ADP,2013-03-04,2013-03-05,2013-03-14,40.4572,42.526,5.1136,4.6136,target,7,5.6204,-0.129,1.2817,61.33,28.94,0.9959
UNP,2013-03-05,2013-03-06,2013-03-07,52.3756,50.9502,-2.7215,-3.2215,stop,1,0.6,-2.6786,1.5094,64.7,31.56,0.982
NRG,2013-03-06,2013-03-07,2013-03-15,18.5623,19.7983,6.6586,6.1586,target,6,6.9427,-0.9744,1.6673,63.6,35.5,0.9868
RF,2013-03-06,2013-03-07,2013-03-27,5.2593,5.3637,1.9842,1.4842,time,14,4.7137,-0.2478,2.2824,62.69,26.48,0.9421
CCI,2013-03-06,2013-03-07,2013-03-13,43.9897,43.3543,-1.4445,-1.9445,time_loss,4,0.875,-2.375,1.6647,60.13,27.3,0.8576
KEY,2013-03-06,2013-03-07,2013-03-27,6.0387,6.1929,2.5536,2.0536,time,14,4.0858,-0.3064,1.8681,64.66,26.64,0.9707
PH,2013-03-08,2013-03-11,2013-03-15,78.5531,77.8448,-0.9017,-1.4017,time_loss,4,0.4713,-1.6086,1.8531,64.02,25.98,0.993
TT,2013-03-08,2013-03-11,2013-03-27,27.1425,27.3222,0.6618,0.1618,stop,12,4.8965,-0.2402,1.7085,64.72,32.73,0.9966
KO,2013-03-19,2013-03-20,2013-04-08,26.1222,26.4326,1.1884,0.6884,stop,12,3.8071,-0.1015,1.2101,64.16,27.99,0.9149
BRK.B,2013-04-10,2013-04-11,2013-04-17,106.38,105.17,-1.1374,-1.6374,time_loss,4,1.0434,-1.9835,1.2327,64.75,25.34,0.9986
BLK,2013-04-11,2013-04-12,2013-04-16,189.5632,182.6719,-3.6354,-4.1354,stop,2,0.772,-4.3621,2.0131,63.21,25.19,0.987
STT,2013-04-11,2013-04-12,2013-04-15,42.7903,41.4423,-3.1503,-3.6503,stop,1,0.3828,-4.0279,1.7332,63.17,28.61,0.9866
CAG,2013-04-19,2013-04-22,2013-04-26,17.4811,17.2053,-1.5779,-2.0779,time_loss,4,0.5818,-2.2475,1.3037,64.95,25.75,0.9969
CL,2013-04-19,2013-04-22,2013-04-24,44.2344,43.7208,-1.161,-1.661,stop,2,1.5045,-1.6299,1.2783,63.33,28.23,0.9934
TAP,2013-04-23,2013-04-24,2013-04-26,37.9498,36.5847,-3.5971,-4.0971,stop,2,0.5111,-3.8614,1.9932,63.63,42.37,0.9969
PAYX,2013-04-30,2013-05-01,2013-05-15,24.2165,25.4722,5.1853,4.6853,target,10,5.9759,-0.7401,1.2988,63.57,25.0,0.9988
ADP,2013-05-02,2013-05-03,2013-05-17,45.0242,47.3034,5.0622,4.5622,target,10,5.0788,-0.7297,1.2868,64.79,26.04,0.9809
STZ,2013-05-03,2013-05-06,2013-05-10,42.3213,41.696,-1.4773,-1.9773,time_loss,4,0.8585,-2.8149,1.9847,64.47,28.24,0.9959
PH,2013-05-10,2013-05-13,2013-05-20,75.8208,81.5078,7.5006,7.0006,target,5,7.9573,-0.5013,1.8692,64.27,25.88,0.8733
MO,2013-05-13,2013-05-14,2013-05-21,16.4142,16.4142,0.0,-0.5,time_loss,5,1.8689,-0.1896,1.2698,64.77,26.3,0.9821
CI,2013-05-30,2013-05-31,2013-06-03,62.6943,60.6587,-3.2469,-3.7469,stop,1,0.288,-4.5212,1.7923,63.48,32.92,0.9961
CI,2013-06-11,2013-06-12,2013-06-18,63.3172,62.8839,-0.6843,-1.1843,time_loss,4,0.3422,-3.2364,1.9887,60.33,25.16,0.9841
BA,2013-07-05,2013-07-08,2013-07-12,88.1618,87.1491,-1.1487,-1.6487,stop,4,3.9904,-4.8173,1.9058,60.56,25.15,1.0
NOC,2013-07-08,2013-07-09,2013-07-24,68.582,72.7175,6.03,5.53,target,11,8.7475,-0.5964,1.5149,64.53,26.42,0.9957
WDC,2013-07-08,2013-07-09,2013-07-24,40.7856,40.8725,0.2129,-0.2871,stop,11,6.9362,-1.8931,2.2346,64.01,26.65,0.9967
HPQ,2013-07-10,2013-07-11,2013-07-19,7.8642,7.5374,-4.1555,-4.6555,time_loss,6,1.1819,-4.4605,2.6468,64.78,27.25,0.95
CVX,2013-07-15,2013-07-16,2013-08-02,72.4816,72.2291,-0.3484,-0.8484,stop,13,2.5018,-1.1306,1.3475,64.74,26.04,0.9039
JCI,2013-08-02,2013-08-05,2013-08-09,25.1964,24.92,-1.0971,-1.5971,time_loss,4,1.1252,-1.2659,1.5635,63.5,33.2,1.0
CI,2013-09-04,2013-09-05,2013-09-18,72.498,73.6118,1.5364,1.0364,stop,9,5.4414,-0.4483,1.6458,64.12,28.24,0.9969
COP,2013-09-06,2013-09-09,2013-09-27,44.9075,46.2629,3.0183,2.5183,time,14,4.1611,-0.293,1.3265,64.82,30.1,0.9655
MCK,2013-10-08,2013-10-09,2013-10-18,122.3586,131.1654,7.1975,6.6975,target,7,7.3182,-0.9101,1.8038,64.83,32.11,0.907
CMI,2013-10-21,2013-10-22,2013-10-28,98.9527,97.0182,-1.9549,-2.4549,time_loss,4,1.141,-2.6962,1.7311,64.15,25.6,0.9893
MS,2013-11-11,2013-11-12,2013-12-03,21.7541,22.48,3.3367,2.8367,time,14,6.273,-1.9019,1.8461,64.37,26.31,0.9993
BKNG,2013-11-13,2013-11-14,2013-12-05,44.3773,45.9985,3.6532,3.1532,time,14,5.8032,-2.03,2.4766,64.93,27.46,0.9968
NFLX,2013-11-26,2013-11-27,2013-12-04,5.1016,5.0896,-0.2352,-0.7352,time_loss,4,3.2315,-0.9997,3.1019,62.0,34.36,0.8921
ADM,2013-12-09,2013-12-10,2013-12-12,29.6126,28.5404,-3.6208,-4.1208,stop,2,0.3778,-4.3919,2.0078,61.76,28.42,0.9988
META,2013-12-10,2013-12-11,2013-12-23,50.11,56.775,13.3008,12.8008,target,8,15.3709,-3.0465,3.345,60.6,26.13,0.8576
HBAN,2013-12-16,2013-12-17,2014-01-08,5.9587,6.1284,2.8481,2.3481,time,14,3.3755,-2.3207,1.8131,63.87,26.43,0.9858
ABT,2014-01-03,2014-01-06,2014-01-22,30.7415,29.9455,-2.5894,-3.0894,stop,11,2.2783,-5.2143,1.2845,62.2,28.34,0.9744
BEN,2014-01-15,2014-01-16,2014-01-23,34.1296,33.1105,-2.986,-3.486,stop,4,1.535,-3.5874,1.646,62.82,27.8,0.9993
WYNN,2014-02-07,2014-02-10,2014-02-19,183.6484,183.6392,-0.005,-0.505,time_loss,6,2.2944,-1.3222,3.2143,64.48,41.09,0.9956
CAT,2014-02-07,2014-02-10,2014-03-03,69.9524,70.9394,1.411,0.911,time,14,3.4432,-1.411,1.9476,63.06,25.72,0.9787
DIS,2014-02-11,2014-02-12,2014-03-05,69.8274,74.341,6.4641,5.9641,time,14,7.1465,-0.5923,2.0595,64.34,25.27,0.9948
UNP,2014-02-11,2014-02-12,2014-02-19,67.5163,66.7496,-1.1355,-1.6355,time_loss,4,1.4617,-1.3041,1.6194,63.69,36.62,0.9776
CMCSA,2014-02-11,2014-02-12,2014-02-13,19.3755,18.6867,-3.555,-4.055,stop,1,0.0905,-4.4541,1.9845,62.8,36.98,0.9971
HUM,2014-02-14,2014-02-18,2014-02-24,91.1029,92.8898,1.9614,1.4614,stop,4,13.9283,-0.3773,2.3959,59.96,28.82,0.8692
JCI,2014-02-14,2014-02-18,2014-02-28,30.1161,30.1447,0.0949,-0.4051,time_loss,8,1.8272,-1.4238,1.7507,63.74,28.04,0.9775
CPAY,2014-02-18,2014-02-19,2014-03-10,119.29,123.6694,3.6712,3.1712,stop,13,10.8391,-1.3664,2.8388,63.0,29.4,0.9197
HAS,2014-02-19,2014-02-20,2014-03-12,36.2866,36.6492,0.9993,0.4993,time,14,2.8867,-0.4256,2.1274,64.38,32.57,0.9455
LUV,2014-02-24,2014-02-25,2014-03-17,19.2744,20.876,8.3097,7.8097,time,14,9.0775,-1.6231,2.4113,64.69,30.08,0.9892
PFE,2014-02-27,2014-02-28,2014-03-12,18.0576,17.9789,-0.4358,-0.9358,time_loss,8,2.6152,-1.868,1.5251,63.11,30.1,0.9983
MRSH,2014-03-04,2014-03-05,2014-03-25,39.2123,39.6793,1.191,0.691,time,14,3.655,-0.0205,1.4738,64.27,25.08,0.994
CBRE,2014-03-06,2014-03-07,2014-03-13,28.21,27.3302,-3.1186,-3.6186,stop,4,0.4608,-3.5803,1.7359,63.34,27.19,0.9516
TT,2014-03-07,2014-03-10,2014-03-11,39.1524,37.8657,-3.2863,-3.7863,stop,1,0.0,-3.3371,1.8164,61.62,25.47,0.9336
NRG,2014-03-11,2014-03-12,2014-03-26,22.3207,23.8072,6.6597,6.1597,target,10,6.6643,-0.4122,1.6524,64.55,29.53,0.8737
KMB,2014-03-17,2014-03-18,2014-03-24,69.9445,69.6424,-0.4319,-0.9319,time_loss,4,0.5128,-1.6106,1.381,61.8,35.43,0.9924
BXP,2014-03-31,2014-04-01,2014-04-10,69.7793,69.7001,-0.1135,-0.6135,time_loss,7,2.5397,-0.6633,1.5599,63.31,29.47,0.9679
UHS,2014-04-01,2014-04-02,2014-04-07,78.4586,75.4301,-3.86,-4.36,stop,3,2.4,-6.5212,2.1557,64.11,26.01,0.8628
TMUS,2014-04-01,2014-04-02,2014-04-07,31.9689,30.3727,-4.993,-5.493,stop,3,0.7777,-9.1834,2.7946,64.65,25.07,0.9657
KMB,2014-04-10,2014-04-11,2014-04-21,69.8249,68.5137,-1.8779,-2.3779,stop,5,1.9288,-1.7575,1.2509,60.08,25.19,0.9259
HAL,2014-04-17,2014-04-21,2014-04-28,48.9425,49.4415,1.0196,0.5196,stop,5,5.8011,-0.1137,2.0446,64.68,28.96,0.9777
LLY,2014-04-21,2014-04-22,2014-04-24,48.6902,46.4961,-4.5063,-5.0063,stop,2,0.2952,-5.9374,1.8741,64.91,34.26,0.9979
MTB,2014-04-23,2014-04-24,2014-04-30,88.473,87.0531,-1.6048,-2.1048,time_loss,4,0.129,-2.5,1.517,62.52,26.43,0.9974
D,2014-04-23,2014-04-24,2014-05-02,42.5015,42.2469,-0.5992,-1.0992,stop,6,3.7126,-0.9,1.397,57.77,27.89,0.9674
ESS,2014-04-25,2014-04-28,2014-05-12,115.8617,123.3537,6.4663,5.9663,target,10,6.5017,0.0,1.6184,54.87,27.14,0.8916
MRK,2014-04-29,2014-04-30,2014-05-06,38.2291,37.3143,-2.3928,-2.8928,time_loss,4,2.2731,-2.5124,1.9744,64.48,28.0,0.9911
CVS,2014-05-22,2014-05-23,2014-06-11,55.2623,55.2552,-0.0129,-0.5129,time_loss,12,2.7156,-0.4397,1.2519,64.69,28.75,0.9929
PPL,2014-05-28,2014-05-29,2014-06-04,18.9049,18.9484,0.2301,-0.2699,time_loss,4,1.3514,-1.0638,1.5536,62.04,25.24,0.9972
EOG,2014-05-29,2014-05-30,2014-06-16,76.1688,82.0803,7.7611,7.2611,target,11,8.4125,-1.2421,1.933,64.27,27.75,0.9991
CMCSA,2014-07-14,2014-07-15,2014-07-21,19.4142,18.9648,-2.3149,-2.8149,stop,4,1.2213,-2.479,1.2625,64.64,30.1,0.9866
NSC,2014-07-16,2014-07-17,2014-07-28,80.3981,80.8323,0.5401,0.0401,stop,7,4.1432,-0.1722,1.2347,64.72,26.65,0.998
TMUS,2014-08-05,2014-08-06,2014-08-07,29.5399,28.1832,-4.593,-5.093,stop,1,3.3344,-5.6653,2.3411,64.84,25.32,0.8733
GPN,2014-08-15,2014-08-18,2014-09-08,33.6613,34.0385,1.1206,0.6206,time,14,3.3478,-0.4763,1.6419,52.41,26.01,0.8722
DIS,2014-08-15,2014-08-18,2014-08-29,80.6171,80.8149,0.2454,-0.2546,time_loss,9,1.6507,-0.368,1.2927,64.43,28.83,0.9936
MRK,2014-08-25,2014-08-26,2014-09-02,39.2809,39.3598,0.2011,-0.2989,time_loss,4,1.525,-0.0168,1.3241,63.38,25.15,0.9914
WMB,2014-08-26,2014-08-27,2014-09-04,30.3971,30.3454,-0.1702,-0.6702,time_loss,5,1.7362,-0.5957,1.6684,62.66,28.87,0.9682
AMAT,2014-08-27,2014-08-28,2014-09-04,19.4664,19.5183,0.2669,-0.2331,time_loss,4,3.0249,0.0,1.9498,63.4,30.72,0.9178
UAL,2014-09-04,2014-09-05,2014-09-12,50.29,50.41,0.2386,-0.2614,time_loss,5,4.2951,-0.9147,3.0624,64.89,30.09,0.9798
CHTR,2014-09-16,2014-09-17,2014-09-23,162.01,157.5722,-2.7392,-3.2392,stop,4,0.5926,-3.5306,1.5151,63.23,26.56,0.8836
INTU,2014-09-29,2014-09-30,2014-10-02,79.3477,76.8447,-3.1545,-3.6545,stop,2,1.4975,-4.7554,1.7412,63.58,30.22,0.9923
ROST,2014-10-20,2014-10-21,2014-11-10,34.3587,36.7233,6.8822,6.3822,time,14,6.9731,0.0,1.8333,62.58,36.08,0.8603
REGN,2014-10-21,2014-10-22,2014-11-04,376.9466,368.5181,-2.236,-2.736,stop,9,7.9251,-3.0548,3.2006,64.24,28.0,0.9998
DGX,2014-10-23,2014-10-24,2014-11-03,50.1387,49.2973,-1.678,-2.178,time_loss,6,1.7097,-2.4695,2.2821,64.08,27.8,0.9201
ITW,2014-10-24,2014-10-27,2014-11-14,67.1611,71.6864,6.738,6.238,time,14,6.738,-0.3528,1.8141,63.52,30.63,0.9223
RMD,2014-10-24,2014-10-27,2014-11-03,44.6458,44.5768,-0.1545,-0.6545,time_loss,5,1.4482,-1.873,2.5444,63.82,29.77,0.8718
CTAS,2014-10-28,2014-10-29,2014-11-04,15.6241,15.4983,-0.8056,-1.3056,time_loss,4,2.7083,-1.2361,1.6972,63.72,28.38,0.999
KR,2014-10-30,2014-10-31,2014-11-20,22.189,23.3002,5.0079,4.5079,time,14,6.1082,-0.1798,1.5644,64.83,31.88,0.9971
JBL,2014-10-31,2014-11-03,2014-11-13,18.9535,18.6797,-1.4446,-1.9446,time_loss,8,2.8779,-1.7808,2.5079,64.79,25.27,0.864
IVZ,2014-10-31,2014-11-03,2014-11-14,24.3652,24.3521,-0.0539,-0.5539,time_loss,9,2.6225,-1.9297,2.0946,64.08,28.57,0.9061
REGN,2014-12-02,2014-12-03,2014-12-10,418.7613,419.4655,0.1682,-0.3318,time_loss,5,3.6521,-1.5869,2.4343,64.4,28.1,0.9904
AEP,2014-12-09,2014-12-10,2014-12-16,39.3247,38.2022,-2.8544,-3.3544,stop,4,0.9659,-3.0673,1.5793,63.35,26.65,0.9697
TJX,2014-12-18,2014-12-19,2015-01-05,28.7328,28.6901,-0.1486,-0.6486,time_loss,9,3.7741,-2.7192,1.9223,63.83,29.73,0.9987
STT,2014-12-23,2014-12-24,2014-12-31,58.6979,57.4695,-2.0927,-2.5927,time_loss,4,0.5467,-2.1675,1.8385,64.13,26.28,0.9764
MNST,2015-01-16,2015-01-20,2015-01-27,19.8283,19.8017,-0.1345,-0.6345,time_loss,5,1.5886,-2.2863,2.6113,64.21,26.02,0.9986
DGX,2015-01-16,2015-01-20,2015-01-29,55.8351,55.1404,-1.2442,-1.7442,stop,7,3.0567,-2.2854,2.0088,64.17,27.02,0.9966
DLTR,2015-01-23,2015-01-26,2015-01-30,72.11,71.1,-1.4006,-1.9006,time_loss,4,0.319,-3.5917,2.2984,64.94,25.63,0.9774
LOW,2015-01-26,2015-01-27,2015-02-02,56.7533,54.6125,-3.7722,-4.2722,stop,4,2.1109,-4.9828,2.0766,64.25,32.83,0.9978
ALL,2015-02-04,2015-02-05,2015-02-05,54.3109,54.2294,-0.15,-0.65,stop,0,4.0758,-0.9185,1.6735,61.1,25.2,0.9882
ROP,2015-02-05,2015-02-06,2015-02-27,152.0819,156.5379,2.93,2.43,time,14,4.2015,-1.3513,2.0481,64.77,31.53,0.9884
SHW,2015-02-12,2015-02-13,2015-03-06,84.7027,85.9324,1.4518,0.9518,time,14,3.0633,-0.1802,1.7633,64.26,27.82,0.9984
CHD,2015-02-13,2015-02-17,2015-03-06,36.2366,36.0588,-0.4907,-0.9907,stop,13,2.8758,-0.7249,1.3799,64.3,26.56,0.9981
NTRS,2015-02-24,2015-02-25,2015-03-03,52.4969,51.9271,-1.0854,-1.5854,time_loss,4,0.6061,-1.7762,1.8682,63.27,25.54,0.948
PHM,2015-02-24,2015-02-25,2015-03-03,20.1655,19.1841,-4.8666,-5.3666,stop,4,0.3869,-7.8676,2.7288,63.39,26.98,0.9825
PNC,2015-03-02,2015-03-03,2015-03-23,64.8866,66.7174,2.8216,2.3216,time,14,4.5513,-1.0594,1.4243,63.7,26.2,1.0
KEY,2015-03-12,2015-03-13,2015-03-19,9.3407,9.2383,-1.0966,-1.5966,time_loss,4,1.0281,-2.0562,1.9169,64.44,25.81,0.9937
VRTX,2015-03-16,2015-03-17,2015-03-23,127.16,123.4346,-2.9297,-3.4297,stop,4,7.2114,-4.0579,3.0319,63.51,29.21,0.9757
NTRS,2015-03-16,2015-03-17,2015-03-23,53.2952,52.5814,-1.3393,-1.8393,time_loss,4,1.4509,-1.9113,1.6701,64.03,31.82,0.998
AFL,2015-03-18,2015-03-19,2015-03-25,24.3535,24.3266,-0.1104,-0.6104,time_loss,4,1.8921,-1.4033,1.4062,63.61,25.58,0.9699
SPG,2015-03-20,2015-03-23,2015-03-27,113.0327,111.2798,-1.5508,-2.0508,time_loss,4,0.897,-2.8837,1.8034,64.18,25.67,0.8752
CLX,2015-03-20,2015-03-23,2015-03-27,80.2874,79.2715,-1.2654,-1.7654,time_loss,4,1.0949,-2.0102,1.3467,63.02,26.58,0.9804
PSA,2015-03-23,2015-03-24,2015-03-26,130.9857,126.983,-3.0558,-3.5558,stop,2,0.6651,-3.0178,1.69,64.88,25.54,0.9164
FDS,2015-03-30,2015-03-31,2015-04-10,140.871,140.3576,-0.3644,-0.8644,time_loss,7,1.7407,-1.5396,1.6086,63.28,27.88,0.9951
ROP,2015-03-30,2015-03-31,2015-04-07,161.6197,159.6954,-1.1907,-1.6907,time_loss,4,0.341,-2.364,1.4289,64.92,42.17,0.9965
APTV,2015-04-02,2015-04-06,2015-04-24,64.5623,66.0411,2.2905,1.7905,time,14,4.3728,-0.7227,1.7879,61.83,25.06,0.9566
NCLH,2015-05-14,2015-05-15,2015-05-21,54.87,54.68,-0.3463,-0.8463,time_loss,4,4.8843,-0.6743,2.6724,62.92,26.67,0.9707
KR,2015-05-15,2015-05-18,2015-05-29,29.2986,29.2866,-0.0412,-0.5412,time_loss,8,2.4578,-0.1373,1.688,56.88,27.58,0.8604
CBRE,2015-05-27,2015-05-28,2015-06-03,38.49,38.15,-0.8833,-1.3833,time_loss,4,0.5716,-1.6628,1.661,56.53,29.23,0.9055
STZ,2015-06-03,2015-06-04,2015-06-05,102.6513,100.046,-2.538,-3.038,stop,1,0.1651,-2.6079,1.392,64.47,25.4,0.995
MDLZ,2015-07-21,2015-07-22,2015-07-27,33.1955,32.4567,-2.2256,-2.7256,stop,3,1.4151,-2.6651,1.2254,62.39,37.32,0.9842
V,2015-11-05,2015-11-06,2015-11-12,73.7474,72.71,-1.4067,-1.9067,time_loss,4,1.0358,-2.8654,2.0823,63.15,25.04,0.9772
KO,2015-12-04,2015-12-07,2015-12-11,31.2118,30.4108,-2.5662,-3.0662,stop,4,0.3002,-2.7014,1.4113,61.14,25.58,0.97
PM,2015-12-16,2015-12-17,2015-12-18,53.6868,52.1886,-2.7907,-3.2907,stop,1,0.0888,-3.4973,1.5377,64.0,29.3,0.9929
PM,2015-12-29,2015-12-30,2016-01-04,53.9202,52.3037,-2.9981,-3.4981,stop,2,0.0895,-4.0716,1.4226,60.42,28.09,0.9929
KLAC,2016-03-11,2016-03-14,2016-03-30,5.8068,6.1606,6.0937,5.5937,target,11,6.1186,0.0,1.5179,62.57,25.79,0.9808
FISV,2016-03-29,2016-03-30,2016-04-05,51.055,50.485,-1.1164,-1.6164,time_loss,4,1.3907,-1.2438,1.6718,64.39,25.13,0.9972
AWK,2016-04-08,2016-04-11,2016-04-20,57.7869,57.9422,0.2687,-0.2313,time_loss,7,2.419,-1.5137,1.5318,64.86,26.16,0.9896
HAS,2016-04-13,2016-04-14,2016-04-18,58.125,62.2586,7.1116,6.6116,target,2,7.5138,-1.0995,1.7855,64.48,26.01,0.9392
CL,2016-05-12,2016-05-13,2016-05-17,57.3467,56.0424,-2.2746,-2.7746,stop,2,0.0,-2.9209,1.2427,64.31,25.8,0.9969
NEM,2016-05-17,2016-05-18,2016-05-19,27.3405,25.4019,-7.0904,-7.5904,stop,1,2.0023,-7.4084,3.8823,64.28,34.75,0.9902
GLW,2016-05-26,2016-05-27,2016-06-10,15.544,15.7673,1.4362,0.9362,stop,9,6.1286,-0.299,1.9408,63.32,30.98,0.8568
TSCO,2016-05-27,2016-05-31,2016-06-06,16.4711,16.2528,-1.3252,-1.8252,time_loss,4,0.4245,-2.8989,1.7893,63.09,27.56,0.989
WAT,2016-06-01,2016-06-02,2016-06-10,138.13,138.04,-0.0652,-0.5652,time_loss,6,1.8606,-0.5285,1.476,63.14,25.99,0.9829
MRK,2016-06-23,2016-06-24,2016-07-08,39.3473,41.6583,5.8732,5.3732,target,9,6.2991,-1.6774,1.4266,62.65,30.71,0.9726
EFX,2016-06-30,2016-07-01,2016-07-22,116.5542,123.4939,5.954,5.454,time,14,6.469,-0.2341,1.8477,60.78,25.99,0.9997
AOS,2016-06-30,2016-07-01,2016-07-22,37.1928,37.8049,1.6457,1.1457,time,14,4.3014,-2.6785,1.9879,64.87,29.8,1.0
MDT,2016-07-01,2016-07-05,2016-07-25,67.1388,67.5498,0.6122,0.1122,time,14,3.3323,-0.1633,1.5607,64.63,27.38,0.9893
PFE,2016-07-01,2016-07-05,2016-07-25,21.6022,22.3559,3.489,2.989,time,14,4.6427,-0.4502,1.4306,64.08,25.16,0.9899
ALB,2016-07-12,2016-07-13,2016-07-21,74.8249,73.7312,-1.4617,-1.9617,time_loss,6,2.0697,-1.9528,2.5118,64.85,26.32,0.9813
CME,2016-07-12,2016-07-13,2016-08-02,67.8544,70.2343,3.5074,3.0074,time,14,3.6477,-0.5612,1.5468,64.56,25.6,0.9774
CNP,2016-09-07,2016-09-08,2016-09-09,17.1461,16.8792,-1.5569,-2.0569,stop,1,1.7634,-2.7527,1.5652,59.61,25.93,0.8729
ED,2016-09-21,2016-09-22,2016-09-28,55.2547,54.4156,-1.5186,-2.0186,time_loss,4,1.5059,-2.0163,1.5334,60.02,29.54,0.8611
CPAY,2016-09-21,2016-09-22,2016-10-04,171.61,171.27,-0.1981,-0.6981,time_loss,8,1.8822,-1.6374,1.8046,63.59,27.62,0.995
EIX,2016-09-22,2016-09-23,2016-09-29,49.7653,48.4774,-2.588,-3.088,stop,4,1.5438,-3.2204,1.4162,60.04,27.84,0.8567
WEC,2016-09-22,2016-09-23,2016-09-28,45.6681,44.3973,-2.7826,-3.2826,stop,3,1.1819,-2.7791,1.5295,59.8,25.07,0.8527
CMI,2016-09-22,2016-09-23,2016-10-05,94.4263,101.2017,7.1753,6.6753,target,8,7.9993,-1.5256,1.7841,52.62,28.18,0.8919
SRE,2016-09-22,2016-09-23,2016-09-29,40.4801,39.6206,-2.1232,-2.6232,time_loss,4,1.7114,-2.3612,1.6506,62.68,32.7,0.8601
AEE,2016-09-23,2016-09-26,2016-09-28,39.0099,37.9281,-2.7733,-3.2733,stop,2,0.4256,-3.6951,1.5288,63.84,27.92,0.8655
O,2016-09-26,2016-09-27,2016-10-03,42.0861,40.6726,-3.3584,-3.8584,stop,4,0.2319,-5.0271,1.872,60.95,26.52,0.8789
WDAY,2016-09-30,2016-10-03,2016-10-07,91.56,91.04,-0.5679,-1.0679,time_loss,4,1.5727,-1.5509,1.9945,64.84,25.88,0.9829
LRCX,2016-10-05,2016-10-06,2016-10-11,8.6676,8.6547,-0.1488,-0.6488,stop,3,3.6318,-1.042,1.7408,64.68,28.65,0.9903
IDXX,2016-10-07,2016-10-10,2016-10-12,115.47,112.1871,-2.8431,-3.3431,stop,2,2.0525,-3.3775,1.5711,64.64,25.15,0.9962
GEN,2016-10-27,2016-10-28,2016-11-04,11.8709,11.1938,-5.704,-6.204,stop,5,3.4105,-7.5924,1.5771,56.38,27.12,0.9295
MRK,2016-11-09,2016-11-10,2016-11-16,45.6477,44.2968,-2.9594,-3.4594,time_loss,4,1.4255,-3.2383,2.1971,64.16,26.57,0.9549
IQV,2016-11-09,2016-11-10,2016-11-16,78.1,77.31,-1.0115,-1.5115,time_loss,4,0.7298,-2.2663,2.1459,62.95,26.2,0.8574
XYL,2016-11-09,2016-11-10,2016-11-25,45.5091,46.818,2.8762,2.3762,stop,10,7.6125,-0.0391,2.0999,62.13,25.29,0.8894
STX,2016-11-11,2016-11-14,2016-12-05,24.954,25.0843,0.522,0.022,stop,14,10.2826,0.0,3.4938,64.89,29.44,0.902
ALGN,2016-11-15,2016-11-16,2016-11-30,93.42,93.05,-0.3961,-0.8961,time_loss,9,5.5663,-1.1882,2.9206,64.09,26.94,0.9255
CHTR,2016-12-07,2016-12-08,2016-12-29,285.4,292.19,2.3791,1.8791,time,14,3.3182,-3.5249,2.7232,63.4,34.0,0.977
NFLX,2017-01-04,2017-01-05,2017-01-12,12.922,12.918,-0.031,-0.531,time_loss,5,3.6062,-0.5572,2.3451,64.61,26.57,0.9849
AKAM,2017-01-05,2017-01-06,2017-01-19,69.38,68.98,-0.5765,-1.0765,time_loss,8,3.2574,-0.663,2.0208,64.31,25.27,0.9529
CCL,2017-01-10,2017-01-11,2017-01-18,48.2,47.5874,-1.2709,-1.7709,time_loss,4,0.7368,-3.0208,1.7635,64.18,26.52,0.9599
LRCX,2017-01-13,2017-01-17,2017-01-27,9.7162,10.4749,7.8082,7.3082,target,8,7.9851,-1.6949,1.9483,63.93,30.51,0.9886
WAB,2017-01-17,2017-01-18,2017-01-24,82.3221,81.7262,-0.7239,-1.2239,time_loss,4,1.2984,-2.8955,1.8397,60.86,25.43,0.9168
SLB,2017-01-18,2017-01-19,2017-01-23,66.4786,64.6947,-2.6834,-3.1834,stop,2,0.9075,-3.6186,1.4704,63.42,25.0,0.998
COO,2017-01-18,2017-01-19,2017-01-25,45.6583,45.069,-1.2906,-1.7906,time_loss,4,1.0336,-1.8867,1.9074,63.93,26.79,0.8887
GM,2017-01-25,2017-01-26,2017-01-30,32.0084,30.7779,-3.8444,-4.3444,stop,2,0.3937,-5.1706,2.1317,64.28,35.57,0.9923
ROP,2017-01-25,2017-01-26,2017-02-01,180.7748,181.1061,0.1833,-0.3167,time_loss,4,0.911,-1.3874,1.3536,64.0,28.56,0.9912
RCL,2017-01-25,2017-01-26,2017-01-26,83.8215,83.1043,-0.8557,-1.3557,stop,0,3.2671,-0.8275,1.8785,65.0,25.44,0.978
PNC,2017-01-26,2017-01-27,2017-02-02,89.1191,88.1422,-1.0961,-1.5961,time_loss,4,1.0219,-1.9285,1.8641,63.2,30.92,0.9924
HPE,2017-02-07,2017-02-08,2017-02-24,10.4718,9.7943,-6.4699,-6.9699,stop,11,5.3345,-6.4352,1.9832,60.37,28.66,0.9195
CBOE,2017-02-15,2017-02-16,2017-02-23,71.1253,71.2674,0.1998,-0.3002,time_loss,4,1.5855,-0.5992,1.5966,64.01,31.45,0.997
LRCX,2017-03-01,2017-03-02,2017-03-08,10.4745,10.4074,-0.6404,-1.1404,time_loss,4,0.4876,-1.7629,1.717,63.78,31.47,0.9951
IQV,2017-03-17,2017-03-20,2017-03-21,81.38,78.6068,-3.4077,-3.9077,stop,1,0.1475,-4.4974,1.889,61.91,31.13,0.9299
TMUS,2017-03-30,2017-03-31,2017-04-06,62.1113,59.5355,-4.1471,-4.6471,stop,4,0.6159,-4.2032,1.7772,64.91,28.36,0.9898
SPGI,2017-04-20,2017-04-21,2017-05-11,121.3914,126.398,4.1243,3.6243,time,14,4.6626,-0.3867,1.2479,61.61,25.27,0.967
MS,2017-04-25,2017-04-26,2017-05-02,33.8766,33.3983,-1.412,-1.912,time_loss,4,1.5622,-2.208,2.3575,59.58,27.61,0.8757
WDC,2017-05-30,2017-05-31,2017-06-06,62.2789,61.0104,-2.0368,-2.5368,time_loss,4,0.7515,-2.8646,2.2827,63.78,26.48,0.9812
VRSN,2017-06-01,2017-06-02,2017-06-09,90.8616,90.9503,0.0976,-0.4024,time_loss,5,1.6696,-1.2034,1.3387,63.75,31.7,0.9995
GLW,2017-06-02,2017-06-05,2017-06-09,23.6081,23.0107,-2.5305,-3.0305,stop,4,0.2349,-3.8591,1.3954,64.4,27.91,0.9816
ON,2017-06-05,2017-06-06,2017-06-09,16.05,15.8238,-1.409,-1.909,stop,3,5.4829,-2.1807,2.5149,64.87,27.78,0.9889
TER,2017-07-14,2017-07-17,2017-07-27,32.4633,32.4623,-0.0032,-0.5032,stop,8,8.4117,-2.9412,2.4756,61.65,27.52,0.8536
GLW,2017-07-14,2017-07-17,2017-07-26,24.7093,24.7128,0.0142,-0.4858,stop,7,3.142,-3.7832,1.4554,64.67,26.15,0.9899
AMAT,2017-07-14,2017-07-17,2017-07-27,41.9151,41.7699,-0.3463,-0.8463,time_loss,8,3.0087,-1.9481,2.5219,63.58,26.38,0.9226
SPGI,2017-07-19,2017-07-20,2017-07-27,138.7647,145.8281,5.0902,4.5902,target,5,5.335,-0.0798,1.2737,63.74,45.78,0.9952
CTSH,2017-08-14,2017-08-15,2017-08-18,63.0882,61.2306,-2.9445,-3.4445,stop,3,0.2922,-2.9661,1.4604,64.12,26.52,0.9989
AMT,2017-08-22,2017-08-23,2017-09-12,112.3287,114.0586,1.54,1.04,stop,13,4.7327,-0.1972,1.3122,64.65,31.96,0.9961
TMO,2017-08-29,2017-08-30,2017-09-07,176.7311,185.9098,5.1936,4.6936,target,5,5.5147,-0.2984,1.3016,63.54,27.18,0.9468
FDX,2017-08-29,2017-08-30,2017-09-06,147.7935,147.6055,-0.1272,-0.6272,time_loss,4,2.135,-0.2922,1.3536,56.55,26.09,0.8617
VRTX,2017-08-31,2017-09-01,2017-09-08,160.76,158.83,-1.2005,-1.7005,time_loss,4,1.7915,-3.2595,2.8054,62.81,26.4,0.9241
PLD,2017-08-31,2017-09-01,2017-09-22,49.7267,50.2614,1.0753,0.5753,time,14,3.8688,-0.5833,1.4277,64.58,25.98,0.9883
SWK,2017-08-31,2017-09-01,2017-09-22,112.9137,118.1566,4.6433,4.1433,time,14,5.4806,-2.3113,1.4025,63.43,27.43,0.9034
IT,2017-09-08,2017-09-11,2017-09-15,125.0,121.7535,-2.5972,-3.0972,stop,4,0.944,-3.888,1.4357,62.77,25.93,0.8758
ALGN,2017-09-08,2017-09-11,2017-09-15,185.61,184.5,-0.598,-1.098,time_loss,4,0.264,-2.2197,2.2332,64.32,28.82,0.9944
ALL,2017-09-13,2017-09-14,2017-09-21,74.4808,74.3824,-0.1322,-0.6322,time_loss,5,1.6852,-0.7049,1.8217,51.27,25.63,0.8669
PGR,2017-09-29,2017-10-02,2017-10-18,37.3565,36.9424,-1.1083,-1.6083,stop,12,2.8105,-1.0333,1.599,61.82,25.43,0.9688
CNP,2017-10-13,2017-10-16,2017-11-03,22.472,21.9092,-2.5046,-3.0046,stop,14,2.0506,-3.6227,1.3357,51.01,26.42,0.8842
UNP,2017-10-27,2017-10-30,2017-11-03,96.5239,96.7055,0.1881,-0.3119,time_loss,4,1.4877,-1.3851,1.8206,63.83,25.6,0.924
URI,2017-11-20,2017-11-21,2017-12-01,146.6754,147.1404,0.3171,-0.1829,stop,7,6.0815,-0.526,2.2261,63.9,32.25,0.9794
MCO,2017-11-20,2017-11-21,2017-12-12,138.1697,141.4802,2.396,1.896,time,14,3.2617,-0.7987,1.5868,64.68,25.25,0.9957
SHW,2017-11-30,2017-12-01,2017-12-14,123.5586,123.0128,-0.4417,-0.9417,stop,9,3.5235,-2.1581,1.2929,63.16,29.18,0.9798
MSFT,2017-12-12,2017-12-13,2017-12-19,78.5076,78.59,0.105,-0.395,time_loss,4,2.0527,-1.4112,1.5385,63.18,29.83,0.9815
MSI,2017-12-18,2017-12-19,2017-12-21,84.5445,82.0103,-2.9974,-3.4974,stop,2,0.6336,-3.5269,1.661,61.24,26.81,0.9902
IT,2018-01-03,2018-01-04,2018-01-17,125.28,132.0387,5.3949,4.8949,target,8,6.2101,0.0,1.3497,62.55,25.81,0.8782
ISRG,2018-01-04,2018-01-05,2018-01-10,126.96,138.0329,8.7216,8.2216,target,3,12.1035,-1.3337,2.2033,52.03,27.99,0.8564
ALB,2018-01-08,2018-01-09,2018-01-10,122.5437,117.8983,-3.7908,-4.2908,stop,1,0.3345,-3.8031,2.1122,63.75,25.2,0.8729
ADP,2018-01-31,2018-02-01,2018-02-01,102.6677,99.7467,-2.8451,-3.3451,stop,0,0.0,-2.7653,1.557,64.98,31.24,0.9515
EL,2018-02-14,2018-02-15,2018-02-22,125.8442,125.979,0.1071,-0.3929,time_loss,4,1.5786,-1.4643,2.1236,64.78,31.09,0.9956
SPGI,2018-02-14,2018-02-15,2018-02-22,173.7945,174.3048,0.2936,-0.2064,time_loss,4,2.0929,-1.3828,2.9817,58.92,27.04,0.9941
INTU,2018-02-16,2018-02-20,2018-02-27,161.345,160.7317,-0.3801,-0.8801,time_loss,5,3.807,-3.5965,2.5275,63.03,32.32,0.978
PGR,2018-02-16,2018-02-20,2018-03-12,44.9851,47.2793,5.0999,4.5999,time,14,5.906,-1.034,2.5034,64.53,31.41,0.991
ACN,2018-02-16,2018-02-20,2018-02-27,143.0834,143.2332,0.1047,-0.3953,time_loss,5,1.9707,-1.5211,1.9983,61.37,35.61,0.9812
MCO,2018-02-16,2018-02-20,2018-02-28,155.6795,155.1588,-0.3345,-0.8345,time_loss,6,2.5143,-0.657,2.6518,64.15,26.23,0.986
DE,2018-02-20,2018-02-21,2018-02-27,145.8467,144.767,-0.7403,-1.2403,time_loss,4,2.1299,-1.7172,3.1853,52.56,34.98,0.8513
PNC,2018-02-21,2018-02-22,2018-02-28,121.3239,118.2707,-2.5165,-3.0165,time_loss,4,1.15,-2.77,2.1328,64.56,32.12,0.9611
UNP,2018-02-26,2018-02-27,2018-02-28,115.4097,109.9574,-4.7243,-5.2243,stop,1,0.6072,-5.964,2.6503,60.06,35.02,0.9012
NTRS,2018-02-26,2018-02-27,2018-03-01,85.1209,81.51,-4.2421,-4.7421,stop,2,1.2531,-4.8098,2.3625,63.93,26.21,0.9974
STZ,2018-03-07,2018-03-08,2018-03-22,195.8385,195.2638,-0.2935,-0.7935,time_loss,10,3.086,-0.4313,1.9293,61.68,26.28,0.9333
SHW,2018-03-09,2018-03-12,2018-03-16,130.3623,126.6558,-2.8432,-3.3432,time_loss,4,0.0546,-3.3967,2.3022,62.17,29.06,0.9007
FTNT,2018-04-16,2018-04-17,2018-04-23,11.44,11.348,-0.8042,-1.3042,time_loss,4,1.3636,-0.9091,2.4868,63.78,32.64,0.974
ABT,2018-05-11,2018-05-14,2018-05-22,53.3424,53.247,-0.1788,-0.6788,time_loss,6,1.6098,-1.9187,1.981,60.75,26.83,0.8638
IT,2018-07-09,2018-07-10,2018-07-16,139.49,139.66,0.1219,-0.3781,time_loss,4,1.8711,-0.5879,1.6298,64.63,25.9,0.899
SYY,2018-08-13,2018-08-14,2018-09-04,59.7584,61.5304,2.9653,2.4653,time,14,3.8262,-1.0112,2.0032,63.91,35.51,0.9483
RF,2018-08-17,2018-08-20,2018-08-24,14.0992,13.9759,-0.8749,-1.3749,time_loss,4,1.4411,-1.0808,1.7934,64.37,25.21,0.914
OKE,2018-09-18,2018-09-19,2018-09-21,42.4183,41.1171,-3.0675,-3.5675,stop,2,0.5049,-3.4911,1.7018,63.7,32.29,0.915
HUM,2018-09-24,2018-09-25,2018-09-25,318.2125,311.0388,-2.2544,-2.7544,stop,0,0.0587,-2.3176,1.2332,64.16,27.8,0.9938
AJG,2018-11-06,2018-11-07,2018-11-28,68.7768,70.5474,2.5745,2.0745,time,14,3.8093,-0.6305,1.7841,63.65,25.37,0.9582
CSCO,2018-11-07,2018-11-08,2018-11-12,38.421,36.7346,-4.3893,-4.8893,stop,2,1.1907,-4.8673,2.4519,61.21,27.72,0.9248
FFIV,2018-11-07,2018-11-08,2018-11-13,188.0,177.6833,-5.4876,-5.9876,stop,3,1.1064,-6.3777,3.0742,64.75,32.58,0.8599
TT,2018-11-07,2018-11-08,2018-11-14,71.5138,70.6449,-1.215,-1.715,time_loss,4,1.3705,-1.8857,2.2859,63.78,25.54,0.8897
ORLY,2018-11-08,2018-11-09,2018-11-15,23.63,23.0667,-2.384,-2.884,time_loss,4,2.4686,-3.0216,2.7005,64.04,30.11,0.9929
V,2018-11-08,2018-11-09,2018-11-15,136.5215,134.5283,-1.46,-1.96,time_loss,4,0.2566,-4.1764,2.6061,57.28,30.78,0.8608
VRSK,2018-11-09,2018-11-12,2018-11-19,117.6511,116.7836,-0.7374,-1.2374,time_loss,5,0.8832,-2.7551,2.2972,63.63,25.92,0.9874
WELL,2018-11-09,2018-11-12,2018-11-21,55.1625,55.1942,0.0576,-0.4424,time_loss,7,2.591,-0.95,2.4251,64.33,30.44,0.9892
DELL,2019-04-02,2019-04-03,2019-04-24,28.252,30.5533,8.1456,7.6456,time,14,8.4721,-3.3301,2.7832,64.04,27.77,0.9983
ADI,2019-04-05,2019-04-08,2019-04-26,97.3594,99.2087,1.8994,1.3994,stop,13,7.0339,-0.7224,1.9395,63.21,25.76,0.9905
BALL,2019-04-26,2019-04-29,2019-05-02,54.7334,52.9793,-3.2047,-3.7047,stop,3,1.3952,-5.211,1.4528,63.6,30.88,0.9937
STE,2019-04-29,2019-04-30,2019-05-07,122.4129,122.6189,0.1683,-0.3317,time_loss,5,3.2428,-0.6425,1.9337,64.27,25.8,0.9865
DHR,2019-05-02,2019-05-03,2019-05-07,115.0766,111.4852,-3.1208,-3.6208,stop,2,0.5075,-3.1868,1.7341,64.31,29.41,0.9754
FICO,2019-05-16,2019-05-17,2019-06-03,290.54,287.56,-1.0257,-1.5257,time_loss,10,4.2473,-1.9068,2.7256,62.2,26.81,0.9823
PG,2019-05-16,2019-05-17,2019-05-23,89.8778,89.4505,-0.4754,-0.9754,time_loss,4,0.8017,-1.2865,1.3599,64.32,25.55,0.9851
LII,2019-05-21,2019-05-22,2019-05-29,256.4683,247.1225,-3.644,-4.144,stop,4,1.0854,-4.2662,2.0169,61.78,27.99,0.9884
AJG,2019-05-22,2019-05-23,2019-05-30,76.9721,77.1456,0.2254,-0.2746,time_loss,4,0.6525,-1.222,1.453,64.56,31.42,0.9991
CHD,2019-05-23,2019-05-24,2019-05-28,69.2598,67.3412,-2.7701,-3.2701,stop,1,0.2523,-2.935,1.5297,63.99,26.34,0.9987
KO,2019-05-23,2019-05-24,2019-05-29,39.9872,39.0805,-2.2674,-2.7674,stop,2,0.1405,-2.8302,1.239,64.91,25.87,0.9766
AZO,2019-05-24,2019-05-28,2019-05-31,1055.25,1016.2286,-3.6978,-4.1978,stop,3,2.4951,-4.2871,2.0639,62.21,25.83,0.9511
AON,2019-06-04,2019-06-05,2019-06-25,173.8742,183.1526,5.3363,4.8363,time,14,6.0231,-0.2725,1.5401,60.08,28.32,0.9912
CL,2019-06-06,2019-06-07,2019-06-13,62.0265,61.6452,-0.6147,-1.1147,time_loss,4,1.2842,-1.653,1.3986,63.55,26.07,0.9916
VRSK,2019-06-06,2019-06-07,2019-06-17,138.5025,138.7688,0.1923,-0.3077,time_loss,6,2.0276,-0.0207,1.422,64.61,28.44,0.9981
FIS,2019-06-07,2019-06-10,2019-06-14,106.0866,104.9081,-1.1109,-1.6109,time_loss,4,0.13,-2.1046,1.8374,63.52,28.74,0.9823
JCI,2019-06-21,2019-06-24,2019-07-15,34.8044,36.3971,4.5762,4.0762,time,14,5.4764,-0.3251,1.656,60.45,28.92,1.0
AMCR,2019-07-03,2019-07-05,2019-07-09,42.7887,41.5722,-2.843,-3.343,stop,2,0.6045,-5.5268,1.5555,64.8,27.86,0.9726
NOC,2019-07-03,2019-07-05,2019-07-11,289.5629,289.9197,0.1232,-0.3768,time_loss,4,1.3157,-1.1463,1.7256,62.82,28.99,0.9968
KMB,2019-07-15,2019-07-16,2019-07-19,108.523,105.7258,-2.5775,-3.0775,stop,3,0.6009,-2.9618,1.4225,62.41,27.33,0.9904
PFG,2019-07-18,2019-07-19,2019-07-29,45.4738,45.5274,0.1178,-0.3822,time_loss,6,2.3049,-1.1945,1.7954,63.17,25.33,0.996
BEN,2019-07-19,2019-07-22,2019-07-22,25.5447,24.8382,-2.7658,-3.2658,stop,0,0.0282,-3.4386,1.5236,63.02,25.27,0.9714
TXN,2019-07-23,2019-07-24,2019-07-31,103.9738,103.3377,-0.6118,-1.1118,stop,5,3.0593,-2.1555,1.7149,63.38,27.59,0.9919
VMC,2019-08-19,2019-08-20,2019-08-26,134.3551,129.5259,-3.5944,-4.0944,stop,4,1.3634,-3.521,2.0022,62.95,26.32,0.9887
AON,2019-08-20,2019-08-21,2019-08-27,183.0768,181.5665,-0.825,-1.325,time_loss,4,1.0377,-2.3608,1.958,50.68,25.21,0.8931
MSI,2019-08-21,2019-08-22,2019-08-28,164.1101,163.2309,-0.5357,-1.0357,time_loss,4,0.279,-2.4777,1.913,62.82,32.01,0.9994
WDC,2019-09-04,2019-09-05,2019-09-20,44.1935,44.3176,0.2809,-0.2191,time_loss,11,7.9326,-0.4462,3.6813,64.13,25.47,0.9303
YUM,2019-09-06,2019-09-09,2019-09-10,105.4308,102.775,-2.5191,-3.0191,stop,1,0.0,-4.7746,1.3881,64.94,30.16,0.9939
SHW,2019-09-19,2019-09-20,2019-09-26,173.336,172.1368,-0.6918,-1.1918,time_loss,4,0.3459,-2.5173,1.9497,64.93,25.12,0.9952
CCI,2019-10-18,2019-10-21,2019-10-25,108.4574,106.161,-2.1173,-2.6173,time_loss,4,0.0,-2.8324,1.9491,62.51,28.76,0.9136
KLAC,2019-10-24,2019-10-25,2019-10-31,15.4922,15.2814,-1.3609,-1.8609,stop,4,4.55,-4.3473,2.728,63.47,28.32,0.9977
SHW,2019-11-13,2019-11-14,2019-11-20,184.6235,181.17,-1.8705,-2.3705,time_loss,4,1.7036,-2.4481,1.7926,62.74,32.42,0.9855
LEN,2020-01-13,2020-01-14,2020-01-22,53.2214,58.1595,9.2783,8.7783,target,5,10.0083,0.0,2.3081,64.45,25.13,0.8936
CAH,2020-01-15,2020-01-16,2020-01-24,46.0641,45.1047,-2.0827,-2.5827,stop,5,2.4368,-2.6214,2.0676,64.85,27.78,0.8529
AXON,2020-02-04,2020-02-05,2020-02-20,83.23,83.569,0.4073,-0.0927,stop,10,8.2542,-4.1572,3.2078,64.79,31.74,0.9807
LRCX,2020-02-04,2020-02-05,2020-02-10,30.8177,29.1689,-5.35,-5.85,stop,3,0.3925,-5.5037,2.9847,64.55,36.78,0.9915
RMD,2020-02-05,2020-02-06,2020-02-24,158.9434,160.7064,1.1092,0.6092,stop,11,6.0703,-0.6243,1.8606,64.61,36.83,0.9826
KMI,2020-02-12,2020-02-13,2020-02-24,15.1362,15.067,-0.4573,-0.9573,time_loss,6,3.2465,-1.1431,1.4951,64.16,27.9,0.9858
CMG,2020-02-12,2020-02-13,2020-02-24,17.966,17.9215,-0.2478,-0.7478,stop,6,4.6733,-1.5997,1.8558,64.41,29.44,0.9964
NXPI,2020-02-13,2020-02-14,2020-02-18,124.9614,119.2325,-4.5845,-5.0845,stop,1,0.5112,-4.5147,2.5687,64.29,27.85,0.9896
DPZ,2020-02-18,2020-02-19,2020-02-20,274.274,331.8809,21.0034,20.5034,stop,1,28.1452,-0.8725,2.0659,64.85,25.5,0.9485
PAYX,2020-02-18,2020-02-19,2020-02-24,74.1629,71.9304,-3.0102,-3.5102,stop,3,0.914,-3.5555,1.255,62.39,28.67,0.9803
PANW,2020-07-31,2020-08-03,2020-08-11,42.6533,42.5383,-0.2696,-0.7696,time_loss,6,4.0169,-2.0319,2.7356,63.89,25.96,1.0
KMB,2020-10-09,2020-10-12,2020-10-16,123.253,123.4623,0.1698,-0.3302,time_loss,4,1.5548,-1.1825,1.5282,60.96,27.62,0.8685
AVGO,2020-10-09,2020-10-12,2020-10-16,33.9846,33.7051,-0.8224,-1.3224,time_loss,4,1.5741,-1.7732,2.4756,63.1,25.87,0.9856
FAST,2020-11-30,2020-12-01,2020-12-02,21.7029,20.7704,-4.2969,-4.7969,stop,1,0.1818,-4.2415,2.4231,63.38,32.76,0.9943
GLW,2020-12-04,2020-12-07,2020-12-11,32.8161,31.4746,-4.088,-4.588,stop,4,1.7469,-6.1673,2.1659,64.92,28.02,1.0
WAT,2020-12-04,2020-12-07,2020-12-28,237.34,247.04,4.087,3.587,time,14,6.4591,-0.9733,2.5469,63.54,25.77,0.913
FAST,2020-12-09,2020-12-10,2020-12-18,21.5977,21.6284,0.1421,-0.3579,time_loss,6,1.847,-3.3895,2.307,63.49,34.99,0.9908
KKR,2020-12-17,2020-12-18,2020-12-24,38.6105,37.9813,-1.6296,-2.1296,time_loss,4,0.0988,-3.3333,2.1282,64.91,26.18,0.9886
DRI,2020-12-17,2020-12-18,2020-12-24,99.1758,99.1674,-0.0085,-0.5085,time_loss,4,2.8753,-4.7158,3.3908,64.31,33.14,0.9265
NFLX,2020-12-31,2021-01-04,2021-01-06,53.9,51.1202,-5.1573,-5.6573,stop,2,0.334,-7.3284,2.6417,63.0,26.77,0.8785
PANW,2021-02-09,2021-02-10,2021-02-18,65.57,65.0883,-0.7346,-1.2346,time_loss,5,1.6115,-2.0182,3.0672,64.85,31.11,0.9963
TXN,2021-02-16,2021-02-17,2021-02-23,153.8495,147.497,-4.129,-4.629,stop,4,1.0599,-5.5013,2.2735,63.6,25.38,0.9886
APO,2021-02-19,2021-02-22,2021-02-25,45.9186,43.6558,-4.9279,-5.4279,stop,3,0.6438,-5.2673,2.7312,63.14,30.2,0.9499
MU,2021-03-01,2021-03-02,2021-03-04,91.2576,84.8357,-7.0371,-7.5371,stop,2,1.4214,-12.5254,3.9182,64.75,30.04,0.9847
INTC,2021-03-16,2021-03-17,2021-03-23,58.4089,57.7359,-1.1523,-1.6523,time_loss,4,3.3634,-2.0243,3.1274,61.97,29.61,0.9581
BKNG,2021-03-17,2021-03-18,2021-03-19,95.1011,89.1197,-6.2895,-6.7895,stop,1,0.8002,-6.6811,3.4919,64.59,27.91,0.9943
RSG,2021-03-24,2021-03-25,2021-04-15,92.0407,97.7603,6.2142,5.7142,time,14,6.5608,-0.9337,1.8665,64.48,27.8,0.86
LH,2021-03-24,2021-03-25,2021-04-15,202.8737,211.7806,4.3903,3.8903,time,14,4.8571,-2.1368,2.7102,63.83,26.03,0.9689
IFF,2021-03-26,2021-03-29,2021-04-05,122.449,121.5484,-0.7355,-1.2355,time_loss,4,1.5211,-1.1498,2.4787,64.55,26.97,0.9908
STX,2021-04-01,2021-04-05,2021-04-23,67.6491,71.3325,5.4449,4.9449,stop,14,12.851,-1.3281,3.0561,61.81,26.06,0.9997
KMI,2021-04-07,2021-04-08,2021-04-14,12.5089,12.4342,-0.597,-1.097,time_loss,4,0.4776,-2.5074,2.3251,63.87,27.42,0.9932
INTC,2021-04-09,2021-04-12,2021-04-12,62.0288,58.9259,-5.0024,-5.5024,stop,0,0.4252,-5.1173,2.8017,64.72,36.62,0.9945
ANET,2021-04-09,2021-04-12,2021-04-19,19.6875,19.6756,-0.0603,-0.5603,time_loss,5,1.9016,-1.4349,2.5216,63.84,25.09,0.9173
CPT,2021-04-13,2021-04-14,2021-05-04,96.0388,100.5651,4.713,4.213,time,14,6.5648,-0.4388,1.9253,64.77,30.73,0.9945
ESS,2021-04-15,2021-04-16,2021-04-28,243.2966,239.9272,-1.3849,-1.8849,time_loss,8,3.347,-1.677,2.1018,62.79,25.71,0.9687
IT,2021-04-16,2021-04-19,2021-05-04,191.46,205.1747,7.1632,6.6632,target,11,24.8773,-1.0498,1.786,64.91,26.12,0.9901
REG,2021-04-19,2021-04-20,2021-05-04,48.1058,52.4269,8.9827,8.4827,target,10,9.1537,0.0,2.2291,63.78,26.36,0.9964
ANET,2021-04-26,2021-04-27,2021-05-03,20.1419,19.6694,-2.3459,-2.8459,time_loss,4,0.3475,-3.3729,2.0325,62.73,28.03,0.9586
LEN,2021-05-07,2021-05-10,2021-05-11,96.6267,91.8643,-4.9287,-5.4287,stop,1,2.6543,-5.2715,2.7544,62.62,27.95,0.9971
CRL,2021-06-08,2021-06-09,2021-06-29,345.0,371.65,7.7246,7.2246,time,14,7.771,-0.6725,2.3844,62.05,25.06,0.9667
CCI,2021-08-17,2021-08-18,2021-08-24,156.3301,153.1561,-2.0303,-2.5303,time_loss,4,1.9693,-2.1474,1.4558,55.07,25.85,0.8718
AMT,2021-08-31,2021-09-01,2021-09-10,250.4816,251.9824,0.5991,0.0991,stop,6,3.7118,-0.9527,1.4924,63.43,28.17,0.9942
HIG,2021-10-06,2021-10-07,2021-10-13,66.49,65.0898,-2.1058,-2.6058,time_loss,4,1.1623,-3.5416,2.086,64.53,38.5,0.9976
HSY,2021-10-06,2021-10-07,2021-10-15,159.1603,159.5957,0.2736,-0.2264,time_loss,6,1.7474,-1.1668,1.684,60.09,26.07,0.9334
AJG,2021-10-08,2021-10-11,2021-10-29,148.5034,159.5513,7.4394,6.9394,target,14,7.9251,-0.3398,1.8634,64.01,26.87,0.9923
ANET,2021-10-08,2021-10-11,2021-10-26,23.3125,25.3986,8.9483,8.4483,target,11,9.3298,-0.3164,2.2436,61.24,31.31,0.9342
ARE,2021-10-14,2021-10-15,2021-11-01,164.7454,165.1169,0.2255,-0.2745,stop,11,4.8487,-1.0995,1.6011,60.01,27.96,0.8764
ETN,2021-10-15,2021-10-18,2021-10-27,148.7678,148.5358,-0.1559,-0.6559,time_loss,7,2.2884,-0.3492,1.9767,60.96,34.69,0.863
BLK,2021-10-15,2021-10-18,2021-11-05,803.0707,850.3557,5.888,5.388,time,14,7.3104,-0.8304,2.2373,63.15,27.17,0.8723
MCO,2021-10-19,2021-10-20,2021-10-21,365.2016,353.4337,-3.2223,-3.7223,stop,1,0.0,-3.3605,1.7923,61.85,27.71,0.9328
ADBE,2021-10-22,2021-10-25,2021-11-01,644.47,640.2,-0.6626,-1.1626,time_loss,5,2.2841,-1.7379,2.0083,64.79,32.02,0.8803
SBAC,2021-10-25,2021-10-26,2021-11-01,323.4096,321.6687,-0.5383,-1.0383,time_loss,4,2.2961,-1.8495,2.0557,60.63,26.26,0.8527
TSN,2021-11-15,2021-11-16,2021-11-19,72.7756,70.3,-3.4017,-3.9017,stop,3,1.2537,-4.1751,1.8984,63.9,25.39,0.9725
NFLX,2021-11-17,2021-11-18,2021-11-22,69.161,66.2225,-4.2488,-4.7488,stop,2,0.3687,-5.0809,2.3729,63.44,25.73,0.9587
CME,2021-12-08,2021-12-09,2021-12-15,188.2024,186.1096,-1.112,-1.612,time_loss,4,0.2389,-1.9764,1.9932,64.1,31.49,0.9888
KEYS,2021-12-13,2021-12-14,2021-12-20,203.14,194.5411,-4.233,-4.733,stop,4,0.8664,-5.4445,2.3531,64.97,31.71,0.9833
RSG,2021-12-16,2021-12-17,2021-12-20,131.2939,126.5757,-3.5936,-4.0936,stop,1,0.0432,-5.0544,1.8036,61.92,26.42,0.882
VRSN,2021-12-23,2021-12-27,2022-01-04,246.6384,246.6877,0.02,-0.48,time_loss,6,2.656,-0.4753,2.139,63.94,27.16,0.9826
COST,2021-12-29,2021-12-30,2022-01-05,541.4606,522.8171,-3.4432,-3.9432,time_loss,4,0.0614,-3.4695,2.2425,63.83,32.48,0.986
RF,2022-01-04,2022-01-05,2022-01-19,19.732,19.9701,1.2065,0.7065,stop,9,7.0889,-1.7617,2.6567,64.68,25.66,0.8801
VLO,2022-03-23,2022-03-24,2022-04-13,84.2886,91.5556,8.6216,8.1216,time,14,9.4785,-2.1319,3.9274,63.1,25.33,0.9645
EIX,2022-03-24,2022-03-25,2022-04-05,54.9029,58.9271,7.3296,6.8296,target,7,8.0748,-0.3867,1.8401,64.3,26.89,0.8945
JNJ,2022-03-28,2022-03-29,2022-04-04,158.1391,156.2355,-1.2037,-1.7037,time_loss,4,0.8902,-1.7355,1.6609,64.45,29.03,0.9863
GIS,2022-04-01,2022-04-04,2022-04-25,58.3496,61.8371,5.9769,5.4769,time,14,8.3255,-1.4862,2.1278,63.52,27.37,0.9223
ELV,2022-04-06,2022-04-07,2022-04-22,476.7805,475.522,-0.264,-0.764,stop,10,5.51,-0.7532,2.4523,64.49,26.98,0.9937
AVGO,2023-02-01,2023-02-02,2023-02-08,57.9747,57.4098,-0.9743,-1.4743,time_loss,4,1.5437,-2.5295,2.3938,64.35,38.78,0.8775
UAL,2023-03-01,2023-03-02,2023-03-10,51.9,51.1213,-1.5004,-2.0004,stop,6,6.0501,-3.2755,2.9467,63.87,34.25,0.9617
CAH,2023-04-03,2023-04-04,2023-04-25,73.0024,76.9708,5.4361,4.9361,time,14,5.8402,-0.6518,1.9953,63.56,28.61,0.882
NVDA,2023-05-08,2023-05-09,2023-05-15,28.8398,28.8937,0.1869,-0.3131,time_loss,4,0.7405,-2.9517,3.0014,64.03,25.56,0.9963
DRI,2023-06-13,2023-06-14,2023-06-21,151.2803,150.9447,-0.2218,-0.7218,time_loss,4,1.3191,-1.0373,1.6282,64.99,26.05,0.9901
DELL,2023-06-14,2023-06-15,2023-07-03,46.7842,51.9291,10.997,10.497,target,11,11.003,-1.2361,2.7476,63.01,29.16,0.9824
TER,2023-07-13,2023-07-14,2023-07-20,113.0376,110.9911,-1.8104,-2.3104,time_loss,4,2.8861,-2.2214,2.4494,64.12,26.59,0.9929
BRO,2023-08-23,2023-08-24,2023-09-05,71.6095,71.0996,-0.7121,-1.2121,time_loss,7,2.1227,-1.1777,1.4595,64.66,34.86,0.9985
SNPS,2023-08-30,2023-08-31,2023-09-07,457.55,458.09,0.118,-0.382,time_loss,4,2.9724,-1.4119,2.3745,61.6,26.99,0.9465
AAPL,2023-09-01,2023-09-05,2023-09-06,185.9277,180.3021,-3.0257,-3.5257,stop,1,0.9029,-3.617,1.6631,62.12,30.02,0.8856
WMT,2023-09-07,2023-09-08,2023-09-18,52.9301,52.9107,-0.0367,-0.5367,time_loss,6,1.4497,-0.2508,1.3081,64.04,25.75,0.9997
CEG,2023-10-10,2023-10-11,2023-10-20,111.9102,110.132,-1.589,-2.089,time_loss,7,4.1568,-1.747,2.3445,61.93,32.18,0.9885
TT,2023-11-01,2023-11-02,2023-11-22,210.1052,221.7658,5.5499,5.0499,time,14,6.7007,-1.9443,3.0541,64.47,25.95,0.9784
ACN,2023-11-10,2023-11-13,2023-12-01,304.0541,325.3881,7.0165,6.5165,target,13,7.1169,-0.538,1.7339,64.35,26.86,0.8947
KKR,2023-11-13,2023-11-14,2023-11-29,65.0466,71.7949,10.3745,9.8745,target,10,13.7337,-0.2503,2.6857,64.94,25.31,0.9603
BR,2023-11-17,2023-11-20,2023-12-01,174.4185,185.2593,6.2154,5.7154,target,8,6.9945,-0.235,1.5564,62.55,25.66,0.8931
VRT,2024-01-18,2024-01-19,2024-02-01,52.3501,59.0982,12.8903,12.3903,target,9,13.5619,-1.581,3.3245,63.98,27.53,0.9962
HWM,2024-01-22,2024-01-23,2024-01-29,55.7243,55.4065,-0.5704,-1.0704,time_loss,4,1.6756,-1.9608,1.8724,63.86,25.97,0.9746
PNR,2024-01-29,2024-01-30,2024-02-05,69.7229,70.3051,0.8351,0.3351,stop,4,5.6162,0.0,1.8712,62.09,31.77,1.0
RL,2024-02-02,2024-02-05,2024-02-08,142.4208,158.2047,11.0825,10.5825,stop,3,18.3024,-1.4827,2.1473,64.53,26.85,0.9953
ALLE,2024-02-02,2024-02-05,2024-02-13,122.9548,125.0013,1.6645,1.1645,stop,6,6.1252,-1.8304,2.014,62.54,29.96,0.9757
XYL,2024-02-02,2024-02-05,2024-02-06,109.6436,112.4312,2.5423,2.0423,stop,1,6.1416,-0.8673,1.547,63.18,25.91,0.9601
TJX,2024-02-02,2024-02-05,2024-02-26,93.4463,96.4177,3.1798,2.6798,time,14,3.6581,-1.3886,1.3882,64.24,25.32,0.9792
DLR,2024-02-08,2024-02-09,2024-02-13,137.1856,131.2055,-4.3592,-4.8592,stop,2,0.8513,-5.0804,2.2431,64.89,25.22,0.9854
NVR,2024-02-08,2024-02-09,2024-02-16,7470.0498,7390.6499,-1.0629,-1.5629,time_loss,5,1.9704,-2.4766,2.1404,64.76,25.41,0.9955
GPN,2024-02-12,2024-02-13,2024-02-14,131.9589,128.1684,-2.8725,-3.3725,stop,1,2.6382,-3.1687,1.9761,64.34,31.81,0.9871
INTU,2024-02-15,2024-02-16,2024-02-21,652.459,629.4719,-3.5232,-4.0232,stop,2,0.006,-4.8932,1.9542,64.5,27.54,0.9981
OTIS,2024-02-15,2024-02-16,2024-03-08,88.6075,93.7096,5.758,5.258,target,14,5.8632,-1.9183,1.4403,64.6,32.06,0.9979
DHR,2024-02-22,2024-02-23,2024-02-29,250.7957,249.9466,-0.3386,-0.8386,time_loss,4,1.2165,-1.4016,2.0873,64.74,37.13,0.9904
SYF,2024-02-27,2024-02-28,2024-03-05,39.3186,39.1939,-0.3172,-0.8172,time_loss,4,2.5378,-1.1713,2.2845,64.54,28.68,0.994
POOL,2024-03-05,2024-03-06,2024-03-12,392.9903,388.2555,-1.2048,-1.7048,time_loss,4,3.0999,-2.4584,2.5955,64.63,25.78,0.9967
MAR,2024-03-21,2024-03-22,2024-03-28,250.4962,246.9723,-1.4067,-1.9067,time_loss,4,0.2423,-1.8522,1.6108,63.63,29.42,0.9918
WM,2024-04-26,2024-04-29,2024-05-01,203.7666,199.0358,-2.3217,-2.8217,stop,2,0.8873,-2.4246,1.2748,56.77,29.29,0.9327
FCX,2024-05-17,2024-05-20,2024-05-22,52.6233,49.7953,-5.3742,-5.8742,stop,2,2.2963,-6.2963,3.004,64.39,29.92,0.9945
STX,2024-06-10,2024-06-11,2024-07-02,94.957,99.576,4.8643,4.3643,time,14,9.0,-0.4646,3.0167,64.1,28.56,0.9794
WMB,2024-06-10,2024-06-11,2024-06-17,38.5382,38.5569,0.0485,-0.4515,time_loss,4,1.3094,-0.776,1.6405,63.52,31.68,0.9839
PEG,2024-07-09,2024-07-10,2024-07-16,71.3748,70.0037,-1.9211,-2.4211,time_loss,4,1.921,-2.1447,1.4567,64.84,27.69,0.9852
SO,2024-07-11,2024-07-12,2024-08-01,74.9291,78.4827,4.7427,4.2427,stop,14,9.6,-0.875,1.3869,62.12,28.02,0.9535
HLT,2024-07-12,2024-07-15,2024-07-17,220.2839,219.0796,-0.5467,-1.0467,stop,2,3.5024,-0.8993,1.7895,63.16,33.0,0.9779
ADI,2024-07-16,2024-07-17,2024-07-19,233.2866,224.7735,-3.6492,-4.1492,stop,2,1.522,-4.0502,2.0064,64.91,33.65,0.9945
WELL,2024-07-17,2024-07-18,2024-07-30,102.5758,109.0595,6.3208,5.8208,target,8,8.5663,-0.6025,1.5719,63.65,26.74,0.9952
LLY,2024-08-14,2024-08-15,2024-09-05,924.3972,901.4354,-2.484,-2.984,time_loss,14,3.9028,-3.187,3.8378,62.74,29.68,0.9239
TRGP,2024-08-14,2024-08-15,2024-09-05,136.4225,144.4258,5.8665,5.3665,time,14,7.7325,-0.523,2.409,64.14,34.01,0.9986
MCO,2024-08-15,2024-08-16,2024-09-06,460.1602,468.8682,1.8924,1.3924,time,14,5.0513,-0.6215,1.9498,62.72,29.64,0.9846
NTAP,2024-08-15,2024-08-16,2024-08-29,126.2549,120.3877,-4.6471,-5.1471,stop,9,2.8394,-8.8091,2.5857,62.6,28.17,0.9451
HAS,2024-08-16,2024-08-19,2024-09-09,61.5072,63.3384,2.9773,2.4773,time,14,5.4135,-1.16,2.5359,64.54,26.13,0.8513
EQR,2024-08-22,2024-08-23,2024-09-13,67.7541,72.2251,6.5989,6.0989,target,14,7.294,-0.783,1.6545,64.71,27.94,0.9986
LOW,2024-08-23,2024-08-26,2024-08-30,243.6219,240.3528,-1.3419,-1.8419,time_loss,4,0.5241,-2.5727,2.3927,63.93,25.37,0.8773
KMI,2024-08-30,2024-09-03,2024-09-09,19.927,19.6204,-1.5385,-2.0385,time_loss,4,0.9324,-1.9114,1.5481,63.24,25.4,0.9911
SRE,2024-10-01,2024-10-02,2024-10-08,79.4438,77.9443,-1.8875,-2.3875,time_loss,4,0.8896,-2.2001,1.5314,62.48,31.82,0.9758
ADSK,2024-10-10,2024-10-11,2024-10-31,277.49,283.8,2.274,1.774,time,14,5.9966,-0.0036,1.8679,63.79,37.24,0.9792
WELL,2024-10-16,2024-10-17,2024-10-25,127.0256,126.4429,-0.4587,-0.9587,time_loss,6,1.422,-1.185,1.5909,64.84,26.16,0.9817
MDT,2024-10-17,2024-10-18,2024-10-18,85.7705,85.6418,-0.15,-0.65,stop,0,2.5342,-0.1445,1.2482,58.07,25.15,0.9593
VTR,2024-10-23,2024-10-24,2024-10-31,63.0266,62.806,-0.35,-0.85,time_loss,5,2.8758,-1.5977,1.6884,64.75,25.45,0.9917
IBM,2024-11-22,2024-11-25,2024-12-09,214.9085,220.2592,2.4898,1.9898,stop,9,7.1636,-0.3134,1.9958,63.32,27.37,0.8558
TRGP,2025-01-10,2025-01-13,2025-01-16,187.2716,204.7745,9.3463,8.8463,target,3,10.1583,-0.1759,2.3371,63.12,25.43,0.8732
WEC,2025-01-16,2025-01-17,2025-01-24,93.3254,91.9702,-1.4522,-1.9522,stop,4,2.7305,-1.4366,1.6388,63.99,28.85,0.8519
PAYX,2025-01-16,2025-01-17,2025-01-23,141.6029,136.715,-3.4519,-3.9519,stop,3,0.0,-3.5929,1.9515,63.52,25.06,0.8997
ADP,2025-01-17,2025-01-21,2025-02-10,287.6354,297.8138,3.5386,3.0386,time,14,5.1376,-1.0795,1.5267,54.18,26.03,0.8502
SYK,2025-01-17,2025-01-21,2025-01-30,385.0277,385.8084,0.2028,-0.2972,time_loss,7,4.2475,-0.7366,1.8543,63.49,28.96,0.8508
AMP,2025-01-17,2025-01-21,2025-01-30,544.0048,542.9507,-0.1938,-0.6938,stop,7,4.9457,-3.9288,1.9043,59.02,29.16,0.8834
PPL,2025-01-21,2025-01-22,2025-01-23,32.0071,31.0874,-2.8736,-3.3736,stop,1,0.0298,-2.8606,1.586,63.92,29.41,0.8742
CBRE,2025-01-21,2025-01-22,2025-02-11,140.46,141.79,0.9469,0.4469,time,14,5.1901,-1.5307,2.7389,64.29,25.86,0.9821
PH,2025-01-21,2025-01-22,2025-01-27,670.4778,647.6687,-3.4019,-3.9019,stop,3,0.3266,-3.5598,1.8926,62.54,34.61,0.8663
EMR,2025-01-21,2025-01-22,2025-01-28,127.9915,126.8208,-0.9146,-1.4146,time_loss,4,0.6555,-2.9726,2.1257,63.61,29.19,0.8804
DOV,2025-01-21,2025-01-22,2025-01-28,196.2151,194.9553,-0.6421,-1.1421,time_loss,4,0.4665,-2.5682,1.7008,63.12,29.78,0.8531
PM,2025-01-23,2025-01-24,2025-02-06,120.2309,134.9356,12.2304,11.7304,stop,9,16.8724,-0.0478,1.6857,59.37,25.27,0.8509
MSI,2025-01-24,2025-01-27,2025-01-28,470.187,457.5317,-2.6915,-3.1915,stop,1,1.1687,-2.7529,1.4743,62.55,28.35,0.8591
META,2025-01-24,2025-01-27,2025-01-27,623.5281,621.4839,-0.3278,-0.8278,stop,0,5.9463,-0.241,2.6795,64.77,26.7,0.9832
ATO,2025-02-21,2025-02-24,2025-03-04,145.9751,145.6678,-0.2106,-0.7106,time_loss,6,2.988,-1.3317,1.7175,64.77,26.87,0.9372
RTX,2025-02-27,2025-02-28,2025-03-06,128.575,123.9562,-3.5923,-4.0923,stop,4,3.1,-4.0597,2.0094,64.23,27.33,0.9722
PPL,2025-02-28,2025-03-03,2025-03-06,33.5235,32.4563,-3.1836,-3.6836,stop,3,2.1622,-3.9829,1.7608,63.93,27.91,0.9932
CSCO,2025-08-07,2025-08-08,2025-08-14,69.0725,66.7695,-3.3343,-3.8343,stop,4,3.2887,-3.9294,1.5682,61.61,25.7,0.9911
ALL,2025-08-19,2025-08-20,2025-08-25,206.2193,199.5333,-3.2422,-3.7422,stop,3,2.0868,-3.9739,1.7972,62.62,27.21,0.954
CDNS,2025-09-09,2025-09-10,2025-09-10,348.5,334.3071,-4.0726,-4.5726,stop,0,0.0086,-6.3558,2.189,62.36,28.63,0.9052
HWM,2025-09-10,2025-09-11,2025-09-18,184.0959,182.6015,-0.8117,-1.3117,stop,5,4.2627,-1.6433,2.384,61.45,25.13,0.9088
DGX,2025-09-23,2025-09-24,2025-10-01,184.0187,182.2269,-0.9737,-1.4737,stop,5,2.6811,-2.5095,1.5299,64.55,25.66,0.9774
J,2025-10-01,2025-10-02,2025-10-10,151.2109,150.7521,-0.3034,-0.8034,stop,6,3.5684,-1.0495,1.7117,64.24,26.12,0.9817
ABBV,2025-11-12,2025-11-13,2025-11-19,229.9666,229.15,-0.3551,-0.8551,time_loss,4,2.3744,-1.9295,2.1471,62.53,26.06,0.8841
AME,2025-12-22,2025-12-23,2025-12-30,207.6703,206.7018,-0.4663,-0.9663,time_loss,4,1.0288,-0.524,1.6192,64.62,25.84,0.9977
JBL,2026-01-02,2026-01-05,2026-01-05,243.7683,229.1704,-5.9884,-6.4884,stop,0,2.091,-8.975,3.4174,64.56,28.62,0.998
HLT,2026-01-08,2026-01-09,2026-01-16,299.7191,300.5683,0.2833,-0.2167,time_loss,5,2.0933,-1.66,1.8209,63.51,25.36,0.9949
WAB,2026-01-09,2026-01-12,2026-02-02,223.4969,233.1235,4.3073,3.8073,time,14,5.3383,-0.5088,1.8961,63.35,26.77,0.9751
NUE,2026-01-14,2026-01-15,2026-01-27,172.4319,171.5961,-0.4847,-0.9847,stop,7,5.9531,-4.2423,2.508,63.31,26.46,0.9831
HUBB,2026-01-15,2026-01-16,2026-01-23,488.9187,482.7639,-1.2588,-1.7588,time_loss,4,1.267,-3.927,2.4429,64.35,25.64,0.9727
DOV,2026-01-21,2026-01-22,2026-01-28,208.8971,205.0255,-1.8534,-2.3534,time_loss,4,0.4097,-2.6633,1.8946,64.9,30.94,0.8553
PFG,2026-01-26,2026-01-27,2026-02-10,91.3431,91.9315,0.6441,0.1441,stop,10,5.3606,-1.4855,2.0151,61.57,25.46,0.9966
DVN,2026-01-27,2026-01-28,2026-02-11,39.3644,44.3367,12.6315,12.1315,target,10,13.7731,-1.1119,3.1675,64.11,25.04,0.9916
PFE,2026-02-06,2026-02-09,2026-02-19,26.7386,26.4238,-1.1773,-1.6773,time_loss,7,2.7962,-2.2075,2.3357,64.51,32.18,0.9809
EW,2026-02-26,2026-02-27,2026-03-05,85.76,83.89,-2.1805,-2.6805,time_loss,4,1.819,-3.2533,2.6703,64.58,26.08,0.9093
SBUX,2026-03-10,2026-03-11,2026-03-17,100.4115,97.0014,-3.396,-3.896,time_loss,4,1.4257,-3.5842,2.7191,64.94,32.52,0.8899
PH,2026-04-08,2026-04-09,2026-04-15,961.8559,961.5865,-0.028,-0.528,time_loss,4,3.4636,-0.9989,3.0864,59.61,26.75,0.8749
TGT,2026-04-08,2026-04-09,2026-04-29,121.1157,124.3908,2.7042,2.2042,stop,14,8.8664,-4.4414,2.6024,62.65,25.39,0.9336
JCI,2026-04-09,2026-04-10,2026-04-16,142.57,135.0829,-5.2515,-5.7515,stop,4,0.3998,-5.2395,2.9616,61.65,26.5,0.9452
CAT,2026-06-04,2026-06-05,2026-06-09,929.93,877.2223,-5.6679,-6.1679,stop,2,0.8872,-5.6929,3.1491,63.84,25.27,0.9895
